板橋區,新北市,011C71,私立光華高商進修學校_私立光華高商進修學校校本部,私立光華高商進修學校,duplicate data,121.4522171,高中職,新北市板橋區南雅南路二段40號,24.99674034,私立光華高商進修學校校本部
﻿板橋區,新北市,011C71,私立光華高商進修學校_私立光華高商進修學校校本部,私立光華高商進修學校,duplicate data,121.4522171,高中職,新北市板橋區南雅南路二段40號,24.99674034,私立光華高商進修學校校本部
﻿泰山區,新北市,13303,市立泰山高中_校本部校區,市立泰山高中,duplicate data,121.4298665,高中職,新北市泰山區辭修路7號,25.05771869,校本部校區
﻿新店區,新北市,13335,市立新店高中_校本部校區,市立新店高中,duplicate data,121.5318132,高中職,新北市新店區中央路93號,24.9756115,校本部校區
﻿中和區,新北市,13336,市立中和高中_校本部校區,市立中和高中,duplicate data,121.4783441,高中職,新北市中和區連城路460號,24.9939853,校本部校區
﻿板橋區,新北市,14563,市立光復高中_校本部校區,市立光復高中,duplicate data,121.4828339,高中職,新北市板橋區光環路一段7號,25.01657295,校本部校區
﻿大園區,桃園市,31324,大興學校財團法人桃園市大興高級中等學校_校本部校區,大興學校財團法人桃園市大興高級中等學校,duplicate data,121.1926117,高中職,桃園市大園區永興路142號,25.06198883,校本部校區
﻿三義鄉,苗栗縣,54508,縣立三義高中_校本部校區,縣立三義高中,duplicate data,120.7655945,高中職,苗栗縣三義鄉廣盛村11鄰122號,24.41017342,校本部校區
﻿后里區,臺中市,060C20,國立啟明高商進修學校_國立臺中啟明學校,國立啟明高商進修學校,duplicate data,120.7221527,高中職,臺中市后里區廣福里三豐路72號,24.30508995,國立臺中啟明學校
﻿后里區,臺中市,060C20,國立啟明高商進修學校_校本部校區,國立啟明高商進修學校,duplicate data,120.7221527,高中職,臺中市后里區廣福里三豐路72號,24.30508995,校本部校區
﻿土城區,新北市,63305,市立清水高中_校本部校區,市立清水高中,duplicate data,121.4653115,高中職,臺中市清水區中山路90號,24.98201347,校本部校區
﻿和美鎮,彰化縣,74523,縣立和美高中_校本部校區,縣立和美高中,duplicate data,120.4935532,高中職,彰化縣和美鎮和西里西園路31號,24.11301041,校本部校區
﻿屏東市,屏東縣,134304,縣立大同高中_校本部校區,縣立大同高中,duplicate data,120.477684,高中職,屏東縣屏東市和平路429號,22.67804909,校本部校區
﻿中正區,基隆市,173514,市立八斗高中_校本部校區,市立八斗高中,duplicate data,121.787941,高中職,基隆市中正區新豐街100號,25.14030838,校本部校區
﻿東區,臺中市,193404,市立臺中家商_校本部校區,市立臺中家商,duplicate data,120.6846095,高中職,臺中市東區和平街50號,24.13350992,校本部校區
﻿中正區,臺北市,351B09,私立南華高中進修學校_南華高中,私立南華高中進修學校,duplicate data,121.5312881,高中職,臺北市中正區富水里汀州路3段58號,25.01548958,南華高中
﻿萬華區,臺北市,371301,私立立人高中_校本部校區,私立立人高中,duplicate data,121.4964447,高中職,台北市萬華區桂林路171號,25.03872871,校本部校區
﻿左營區,高雄市,533302,市立新莊高中_校本部校區,市立新莊高中,duplicate data,120.3175278,高中職,高雄市左營區文慈路99號,22.68120766,校本部校區
﻿三民區,高雄市,553302,市立三民高中_校本部校區,市立三民高中,duplicate data,120.3267212,高中職,高雄市三民區金鼎路81號,22.66310883,校本部校區
﻿中壢區,桃園市,34526,市立自強國中_校本部校區,市立自強國中,duplicate data,121.259819,國中,桃園市中壢區榮民路80號,24.96891785,校本部校區
﻿龍潭區,桃園市,34540,市立石門國中_校本部校區,市立石門國中,duplicate data,121.2401047,國中,桃園市龍潭區佳安里文化路137號,24.84079742,校本部校區
﻿後龍鎮,苗栗縣,54680,縣立新港國中(小)_校本部校區,縣立新港國中(小),duplicate data,120.8194351,國中,苗栗縣後龍鎮校椅里12鄰校椅二路168號,24.61276627,校本部校區
﻿太平區,臺中市,64526,市立中平國中_校本部校區,市立中平國中,duplicate data,120.7190475,國中,臺中市太平區中平里太平路300號,24.12340736,校本部校區
﻿新莊區,新北市,064D14,縣立中平國中補校,縣立中平國中補校,duplicate data,121.4445419,國中,臺中市太平區太平路300號,25.05349731,
﻿員林市,彰化縣,74536,縣立大同國中_校本部校區,縣立大同國中,duplicate data,120.5794449,國中,彰化縣員林市大同路一段345號,23.96316528,校本部校區
﻿仁愛鄉,南投縣,84531,縣立仁愛國中_校本部校區,縣立仁愛國中,duplicate data,121.1420822,國中,南投縣仁愛鄉大同村信義巷28號,24.03104782,校本部校區
﻿北港鎮,雲林縣,94521,縣立建國國中_校本部校區,縣立建國國中,duplicate data,120.2955704,國中,雲林縣北港鎮大同路468號,23.57405663,校本部校區
﻿番路鄉,嘉義縣,104522,縣立民和國中_校本部校區,縣立民和國中,duplicate data,120.5549622,國中,嘉義縣番路鄉下坑村菜公店30號,23.4650631,校本部校區
﻿大埔鄉,嘉義縣,104726,縣立大埔國中小_校本部校區,縣立大埔國中小,duplicate data,120.5916672,國中,嘉義縣大埔鄉茄苳村竹圍仔5號,23.29444313,校本部校區
﻿善化區,臺南市,114510,市立善化國中_校本部校區,市立善化國中,duplicate data,120.2874146,國中,臺南市善化區溪美里656號,23.14714622,校本部校區
﻿鳳山區,高雄市,124506,市立忠孝國中_校本部校區,市立忠孝國中,duplicate data,120.3467026,國中,高雄市鳳山區國泰路二段81號,22.61988449,校本部校區
﻿永安區,高雄市,124517,市立永安國中_校本部校區,市立永安國中,duplicate data,120.2406464,國中,高雄市永安區保興一路3號,22.82317162,校本部校區
﻿屏東市,屏東縣,134502,縣立中正國中_校本部校區,縣立中正國中,duplicate data,120.50914,國中,屏東縣屏東市民學路2號,22.67275238,校本部校區
﻿成功鎮,臺東縣,144517,縣立新港國中_校本部校區,縣立新港國中,duplicate data,121.3763275,國中,臺東縣成功鎮中正路1號,23.10084724,校本部校區
﻿花蓮市,花蓮縣,154522,縣立自強國中_校本部校區,縣立自強國中,duplicate data,121.5988998,國中,花蓮市裕祥路89號,23.99683571,校本部校區
﻿馬公市,澎湖縣,164502,縣立中正國中_校本部校區,縣立中正國中,duplicate data,119.5995407,國中,澎湖縣馬公市光華里101號,23.5600338,校本部校區
﻿中正區,基隆市,173505,市立中正國中_校本部校區,市立中正國中,duplicate data,121.7537155,國中,基隆市中正區中船路36巷59號,25.13510704,校本部校區
﻿信義區,基隆市,173509,市立成功國中_校本部校區,市立成功國中,duplicate data,121.7514725,國中,基隆市信義區壽山路9號,25.1326046,校本部校區
﻿西屯區,臺中市,191503,私立麗?國中(小)_校本部校區,私立麗?國中(小),special value,120.6144034,國中,臺中市西屯區國安二路242巷199號,24.1946626,校本部校區
﻿西區,臺中市,193509,市立光明國中_校本部校區,市立光明國中,duplicate data,120.6733551,國中,臺中市西區自由路一段75號,24.13271713,校本部校區
﻿西屯區,臺中市,193516,市立中山國中_校本部校區,市立中山國中,duplicate data,120.6592636,國中,台中市西屯區寧夏路179號,24.16828918,校本部校區
﻿東區,臺南市,213502,市立忠孝國中_校本部校區,市立忠孝國中,duplicate data,120.2231216,國中,臺南市東區崇善路151號,22.98244476,校本部校區
﻿南區,臺南市,213504,市立大成國中_校本部校區,市立大成國中,duplicate data,120.1991119,國中,臺南市南區西門路一段306號,22.97866631,校本部校區
﻿北區,臺南市,213507,市立成功國中_校本部校區,市立成功國中,duplicate data,120.2170181,國中,臺南市北區和緯路1段2號,23.01014328,校本部校區
﻿中西區,臺南市,213510,市立中山國中_校本部校區,市立中山國中,duplicate data,120.2027969,國中,臺南市中西區南寧街45號,22.98383331,校本部校區
﻿松山區,臺北市,313501,市立介壽國中_校本部校區,市立介壽國中,duplicate data,121.5565109,國中,臺北市松山區介壽里延壽街401號,25.05638695,校本部校區
﻿松山區,臺北市,313502,市立民生國中_校本部校區,市立民生國中,duplicate data,121.5673065,國中,臺北市松山區新東里新東街30巷1號,25.05980873,校本部校區
﻿松山區,臺北市,313504,市立中山國中_校本部校區,市立中山國中,duplicate data,121.545723,國中,臺北市松山區復興北路361巷7號,25.06092262,校本部校區
﻿西屯區,臺中市,313D04,市立中山國中補校,市立中山國中補校,duplicate data,120.6592331,國中,臺北市松山區復興北路361巷7號,24.16852379,
﻿信義區,臺北市,323504,市立?公國中_校本部校區,市立?公國中,special value,121.5857849,國中,臺北市信義區福德街221巷15號,25.0370121,校本部校區
﻿信義區,臺北市,323505,市立信義國中_校本部校區,市立信義國中,duplicate data,121.5679169,國中,臺北市信義區松仁路158巷1號,25.02859116,校本部校區
﻿大安區,臺北市,333502,市立大安國中_校本部校區,市立大安國中,duplicate data,121.5461731,國中,臺北市大安區大安路2段63號,25.03074646,校本部校區
﻿中山區,臺北市,343505,市立新興國中_校本部校區,市立新興國中,duplicate data,121.5257721,國中,臺北市中山區聚葉里林森北路511號,25.06204414,校本部校區
﻿大同區,臺北市,363502,市立忠孝國中_校本部校區,市立忠孝國中,duplicate data,121.5076752,國中,臺北市大同區玉泉里西寧北路32號,25.05151939,校本部校區
﻿大同區,臺北市,363507,市立重慶國中_校本部校區,市立重慶國中,duplicate data,121.5178909,國中,臺北市大同區重慶里敦煌路19號,25.07591057,校本部校區
﻿萬華區,臺北市,371301j,私立立人高中附設國中_校本部校區,私立立人高中附設國中,duplicate data,121.4963989,國中,台北市萬華區桂林路171號,25.03881073,校本部校區
﻿內湖區,臺北市,403501,市立內湖國中_校本部校區,市立內湖國中,duplicate data,121.5886993,國中,臺北市內湖區紫陽里陽光街1號,25.07697678,校本部校區
﻿內湖區,臺北市,403503,市立三民國中_校本部校區,市立三民國中,duplicate data,121.5862503,國中,臺北市內湖區湖興里民權東路6段45號,25.06914902,校本部校區
﻿士林區,臺北市,413504,市立至善國中_校本部校區,市立至善國中,duplicate data,121.5554581,國中,臺北市士林區臨溪里至善路2段360號,25.10354614,校本部校區
﻿北投區,臺北市,423503,市立明德國中_校本部校區,市立明德國中,duplicate data,121.5182953,國中,臺北市北投區建民里明德路50號,25.10754013,校本部校區
﻿北投區,臺北市,423504,市立桃源國中_校本部校區,市立桃源國中,duplicate data,121.4773254,國中,臺北市北投區一德里中央北路4段48號,25.13468361,校本部校區
﻿三民區,高雄市,553502,市立三民國中_校本部校區,市立三民國中,duplicate data,120.3077164,國中,高雄市三民區十全一路200號,22.64663124,校本部校區
﻿三民區,高雄市,553503,市立民族國中_校本部校區,市立民族國中,duplicate data,120.3331833,國中,高雄市三民區覺民路363號,22.64051056,校本部校區
﻿前鎮區,高雄市,593504,市立光華國中_校本部校區,市立光華國中,duplicate data,120.322876,國中,高雄市前鎮區和平二路170號,22.61081123,校本部校區
﻿小港區,高雄市,613503,市立中山國中_校本部校區,市立中山國中,duplicate data,120.3557281,國中,高雄市小港區漢民路352號,22.56606865,校本部校區
﻿北屯區,臺中市,191315,私立磊川華德福實驗教育學校_校本部校區,私立磊川華德福實驗教育學校,duplicate data,120.713014,國小、國中、高中,臺中市北屯區松竹五路233號及366號,24.18033148,校本部校區
﻿西屯區,臺中市,191606,私立麗?國(中)小_校本部校區,私立麗?國(中)小,special value,120.6144034,國小、國中,臺中市西屯區國安二路242巷199號,24.1946626,校本部校區
﻿三重區,新北市,14757,市立厚德國小_校本部校區,市立厚德國小,duplicate data,121.4885941,國小,新北市三重區忠孝路一段70號,25.07185936,校本部校區
﻿汐止區,新北市,14798,市立金龍國小_校本部校區,市立金龍國小,duplicate data,121.6270447,國小,新北市汐止區明峰街201號,25.06880569,校本部校區
﻿桃園區,桃園市,34604,市立成功國小_校本部校區,市立成功國小,duplicate data,121.3063278,國小,桃園市桃園區三民路三段22號,24.99935913,校本部校區
﻿桃園區,桃園市,34606,市立建國國小_校本部校區,市立建國國小,duplicate data,121.3148193,國小,桃園縣桃園市昆明路95號,24.98348045,校本部校區
﻿桃園區,桃園市,34607,市立中山國小_校本部校區,市立中山國小,duplicate data,121.2902069,國小,桃園市桃園區國際路一段1070號,24.9864006,校本部校區
﻿蘆竹區,桃園市,34617,市立新興國小_校本部校區,市立新興國小,duplicate data,121.2648239,國小,桃園市蘆竹區新興里新興街355號,25.0083046,校本部校區
﻿蘆竹區,桃園市,34623,市立新莊國小_校本部校區,市立新莊國小,duplicate data,121.2464142,國小,桃園市蘆竹區大新路380巷121號,25.02775955,校本部校區
﻿大園區,桃園市,34629,市立竹圍國小_校本部校區,市立竹圍國小,duplicate data,121.2445374,國小,桃園市大園區竹圍里二鄰竹圍街3號,25.10391617,校本部校區
﻿大園區,桃園市,34632,市立沙崙國小_校本部校區,市立沙崙國小,duplicate data,121.2219696,國小,桃園市大園區沙崙里九鄰75號之2,25.09302902,校本部校區
﻿龜山區,桃園市,34640,市立大埔國小_校本部校區,市立大埔國小,duplicate data,121.3752594,國小,桃園市龜山區舊路村振興路1169號,25.02997398,校本部校區
﻿八德區,桃園市,34646,市立大成國小_校本部校區,市立大成國小,duplicate data,121.2976456,國小,桃園市八德區廣福路31號,24.95801353,校本部校區
﻿大溪區,桃園市,34665,市立永福國小_校本部校區,市立永福國小,duplicate data,121.3255539,國小,桃園市大溪區永福里信義路十二鄰1165號,24.89295006,校本部校區
﻿中壢區,桃園市,34678,市立中正國小_校本部校區,市立中正國小,duplicate data,121.2629089,國小,桃園縣中壢市榮民路329號,24.96205139,校本部校區
﻿平鎮區,桃園市,34682,市立南勢國小_校本部校區,市立南勢國小,duplicate data,121.2110977,國小,桃園市平鎮區中豐路南勢二段223號,24.91347122,校本部校區
﻿楊梅區,桃園市,34692,市立大同國小_校本部校區,市立大同國小,duplicate data,121.1491165,國小,桃園市楊梅區新農街85號,24.90986824,校本部校區
﻿觀音區,桃園市,34721,市立樹林國小_校本部校區,市立樹林國小,duplicate data,121.1281891,國小,桃園市觀音區樹林里新村路二段12號,25.06216621,校本部校區
﻿龍潭區,桃園市,34728,市立三和國小_校本部校區,市立三和國小,duplicate data,121.1673355,國小,桃園市龍潭區龍新路三和段1356號,24.84786987,校本部校區
﻿復興區,桃園市,34730,市立介壽國小_校本部校區,市立介壽國小,duplicate data,121.3509521,國小,桃園縣復興鄉澤仁村中正路33號,24.81568718,校本部校區
﻿復興區,桃園市,34735,市立光華國小_校本部校區,市立光華國小,duplicate data,121.3996887,國小,桃園市復興區華陵里四鄰12號,24.65513992,校本部校區
﻿復興區,桃園市,34738,市立三光國小_校本部校區,市立三光國小,duplicate data,121.3674316,國小,桃園市復興區三光里六鄰7號,24.67373085,校本部校區
﻿平鎮區,桃園市,34754,市立文化國小_校本部校區,市立文化國小,duplicate data,121.2034912,國小,桃園縣平鎮市文化街189號,24.95288467,校本部校區
﻿中壢區,桃園市,34765,市立興仁國小_校本部校區,市立興仁國小,duplicate data,121.2620621,國小,桃園市中壢區遠東路210號,24.9677372,校本部校區
﻿龜山區,桃園市,34776,市立自強國小_校本部校區,市立自強國小,duplicate data,121.3456802,國小,桃園市龜山區自強東路269號,24.9964447,校本部校區
﻿桃園區,桃園市,34782,市立新埔國小_校本部校區,市立新埔國小,duplicate data,121.3066635,國小,桃園縣桃園市經國路208巷36號,25.01787567,校本部校區
﻿竹東鎮,新竹縣,44620,縣立中山國小_校本部校區,縣立中山國小,duplicate data,121.094017,國小,新竹縣竹東鎮雞林里中山路70號,24.7333622,校本部校區
﻿竹東鎮,新竹縣,44621,縣立大同國小_校本部校區,縣立大同國小,duplicate data,121.0886841,國小,新竹縣竹東鎮莊敬路111號,24.74029922,校本部校區
﻿湖口鄉,新竹縣,44643,縣立中興國小_校本部校區,縣立中興國小,duplicate data,121.0283661,國小,新竹縣湖口鄉勝利村吉祥街43號,24.86639786,校本部校區
﻿寶山鄉,新竹縣,44660,縣立雙溪國小_校本部校區,縣立雙溪國小,duplicate data,120.9969101,國小,新竹縣寶山鄉雙園路二段310號,24.72130013,校本部校區
﻿竹北市,新竹縣,44684,縣立東興國小_校本部校區,縣立東興國小,duplicate data,121.0323563,國小,新竹縣竹北市嘉豐十一路二段100號,24.80488777,校本部校區
﻿苗栗市,苗栗縣,54602,縣立大同國小_校本部校區,縣立大同國小,duplicate data,120.814827,國小,苗栗縣苗栗市高苗里大同路80號,24.553442,校本部校區
﻿公館鄉,苗栗縣,54609,縣立公館國小_校本部校區,縣立公館國小,duplicate data,120.8268433,國小,苗栗縣公館鄉館中村大同路15號,24.49892044,校本部校區
﻿銅鑼鄉,苗栗縣,54617,縣立中興國小_校本部校區,縣立中興國小,duplicate data,120.8097458,國小,苗栗縣銅鑼鄉中平村150號,24.49772644,校本部校區
﻿銅鑼鄉,苗栗縣,54620,縣立興隆國小_校本部校區,縣立興隆國小,duplicate data,120.8116684,國小,苗栗縣銅鑼鄉興隆村117號,24.46278763,校本部校區
﻿三義鄉,苗栗縣,54624,縣立育英國小_校本部校區,縣立育英國小,duplicate data,120.7592621,國小,苗栗縣三義鄉西湖村上湖63號,24.38280487,校本部校區
﻿苑裡鎮,苗栗縣,54630,縣立中正國小_校本部校區,縣立中正國小,duplicate data,120.6846619,國小,苗栗縣苑裡鎮中正里14鄰111號,24.40815353,校本部校區
﻿外埔區,臺中市,54632,縣立中山國小_校本部校區,縣立中山國小,duplicate data,120.6616135,國小,苗栗縣苑裡鎮社苓里四鄰51之1號,24.35931778,校本部校區
﻿通霄鎮,苗栗縣,54639,縣立新埔國小_校本部校區,縣立新埔國小,duplicate data,120.6949692,國小,苗栗縣通霄鎮新埔里8鄰55號,24.54214096,校本部校區
﻿通霄鎮,苗栗縣,54641,縣立南和國小_校本部校區,縣立南和國小,duplicate data,120.7210388,國小,苗栗縣通霄鎮南和里117號,24.44838142,校本部校區
﻿三灣鄉,苗栗縣,54667,縣立大坪國小_校本部校區,縣立大坪國小,duplicate data,120.91465,國小,苗栗縣三灣鄉大坪村四鄰42號,24.61776733,校本部校區
﻿南庄鄉,苗栗縣,54672,縣立蓬萊國小_校本部校區,縣立蓬萊國小,duplicate data,120.9706726,國小,苗栗縣南庄鄉蓬萊村19鄰118號,24.54298782,校本部校區
﻿後龍鎮,苗栗縣,54686,縣立成功國小_校本部校區,縣立成功國小,duplicate data,120.762291,國小,苗栗縣後龍鎮水尾里12鄰104-1號,24.63245964,校本部校區
﻿大湖鄉,苗栗縣,54690,縣立大湖國小_校本部校區,縣立大湖國小,duplicate data,120.8703918,國小,364苗栗縣大湖鄉中正路育英巷11號,24.42149544,校本部校區
﻿大湖鄉,苗栗縣,54692,縣立華興國小_校本部校區,縣立華興國小,duplicate data,120.8745422,國小,苗栗縣大湖鄉富興村水尾2號,24.44416237,校本部校區
﻿大湖鄉,苗栗縣,54694,縣立東興國小_校本部校區,縣立東興國小,duplicate data,120.882515,國小,苗栗縣大湖鄉東興村下湖37號,24.38060379,校本部校區
﻿獅潭鄉,苗栗縣,54700,縣立永興國小_校本部校區,縣立永興國小,duplicate data,120.936409,國小,苗栗縣獅潭鄉永興村6鄰永興55-1號,24.57383347,校本部校區
﻿卓蘭鎮,苗栗縣,54702,縣立內灣國小_校本部校區,縣立內灣國小,duplicate data,120.8493576,國小,苗栗縣卓蘭鎮內灣里十一鄰120號,24.29886055,校本部校區
﻿卓蘭鎮,苗栗縣,54703,縣立豐田國小_校本部校區,縣立豐田國小,duplicate data,120.8231888,國小,苗栗縣卓蘭鎮豐田里36號,24.32483673,校本部校區
﻿卓蘭鎮,苗栗縣,54704,縣立坪林國小_校本部校區,縣立坪林國小,duplicate data,120.876358,國小,苗栗縣卓蘭鎮坪林里七鄰坪林86之2號,24.33554268,校本部校區
﻿竹南鎮,苗栗縣,54719,縣立新南國小_校本部校區,縣立新南國小,duplicate data,120.8848267,國小,苗栗縣竹南鎮新南里五谷街2號,24.68876266,校本部校區
﻿頭份市,苗栗縣,5.40E+04,縣立建國國小補校,縣立建國國小補校,duplicate data,120.91185,國小,苗栗縣頭份市建國路80號,24.69477272,
﻿苑裡鎮,苗栗縣,5.40E+29,縣立中正國小補校,縣立中正國小補校,duplicate data,120.6846619,國小,苗栗縣苑裡鎮中正里十四鄰111號,24.40815353,
﻿大雅區,臺中市,64621,市立三和國小_校本部校區,市立三和國小,duplicate data,120.6674652,國小,臺中市大雅區三和里春亭街一號,24.2192955,校本部校區
﻿外埔區,臺中市,64634,市立水美國小_校本部校區,市立水美國小,duplicate data,120.6364441,國小,臺中市外埔區水美里二崁路390巷63號,24.32624054,校本部校區
﻿東勢區,臺中市,64636,市立中山國小_校本部校區,市立中山國小,duplicate data,120.8353729,國小,42348 臺中市東勢區泰昌里中泰街88號,24.25291061,校本部校區
﻿新社區,臺中市,64651,市立中和國小_校本部校區,市立中和國小,duplicate data,120.8284454,國小,臺中市新社區中和里中興街129號,24.15697289,校本部校區
﻿清水區,臺中市,64652,市立清水國小_校本部校區,市立清水國小,duplicate data,120.5731659,國小,臺中市清水區光華路125號,24.26682663,校本部校區
﻿清水區,臺中市,64654,市立建國國小_校本部校區,市立建國國小,duplicate data,120.5626297,國小,臺中市清水區建國路10號,24.27095032,校本部校區
﻿清水區,臺中市,64660,市立東山國小_校本部校區,市立東山國小,duplicate data,120.6345901,國小,臺中市清水區東山里神清路6-1號,24.27628517,校本部校區
﻿大甲區,臺中市,64671,市立東明國小_校本部校區,市立東明國小,duplicate data,120.6800003,國小,臺中市大甲區幸福里東明路93號,24.375,校本部校區
﻿沙鹿區,臺中市,64680,市立公?國小_校本部校區,市立公?國小,special value,120.5958633,國小,臺中市沙鹿區西勢里中航路2段1號,24.26029587,校本部校區
﻿大安區,臺中市,64682,市立大安國小_校本部校區,市立大安國小,duplicate data,120.5883026,國小,臺中市大安區中庄里中山南路296號,24.34519005,校本部校區
﻿大安區,臺中市,64683,市立三光國小_校本部校區,市立三光國小,duplicate data,120.6004944,國小,臺中市大安區龜殼里中松路297號,24.35801315,校本部校區
﻿龍井區,臺中市,64686,市立龍山國小_校本部校區,市立龍山國小,duplicate data,120.5506821,國小,臺中市龍井區中山一路一段6號,24.21366882,校本部校區
﻿大肚區,臺中市,64702,市立永順國小_校本部校區,市立永順國小,duplicate data,120.5330582,國小,臺中市大肚區永順里文昌路2段586號,24.15853691,校本部校區
﻿大肚區,臺中市,64704,市立大忠國小_校本部校區,市立大忠國小,duplicate data,120.5564346,國小,臺中市大肚區沙田路一段854巷24號,24.13440895,校本部校區
﻿霧峰區,臺中市,64719,市立復興國小_校本部校區,市立復興國小,duplicate data,120.696846,國小,臺中市霧峰區光復新村信義路50號,24.04263115,校本部校區
﻿清水區,臺中市,64739,市立?榔國小_校本部校區,市立?榔國小,special value,120.5458069,國小,臺中市清水區中央路23-12號,24.26421738,校本部校區
﻿梧棲區,臺中市,64744,市立中港國小_校本部校區,市立中港國小,duplicate data,120.5552444,國小,臺中市梧棲區文明街100號,24.24061966,校本部校區
﻿清水區,臺中市,6.40E+05,縣立清水國小補校,縣立清水國小補校,duplicate data,120.5735016,國小,臺中市清水區光華路125號,24.26717949,
﻿彰化市,彰化縣,74601,縣立中山國小_校本部校區,縣立中山國小,duplicate data,120.5466232,國小,彰化縣彰化市中山路二段678號,24.0818367,校本部校區
﻿彰化市,彰化縣,74608,縣立三民國小_校本部校區,縣立三民國小,duplicate data,120.6043091,國小,彰化市田中里田中路125號,24.08649063,校本部校區
﻿芬園鄉,彰化縣,74617,縣立寶山國小_校本部校區,縣立寶山國小,duplicate data,120.6400604,國小,彰化縣芬園鄉圳墘村彰南路二段36號,23.9868679,校本部校區
﻿花壇鄉,彰化縣,74623,縣立華南國小_校本部校區,縣立華南國小,duplicate data,120.5512466,國小,彰化縣花壇鄉中庄村中橋街226號,24.01623344,校本部校區
﻿伸港鄉,彰化縣,74635,縣立新港國小_校本部校區,縣立新港國小,duplicate data,120.485054,國小,彰化縣伸港鄉和平路60號,24.14876175,校本部校區
﻿伸港鄉,彰化縣,74638,縣立大同國小_校本部校區,縣立大同國小,duplicate data,120.4919052,國小,彰化縣伸港鄉大同村彰新路七段724號,24.15997887,校本部校區
﻿鹿港鎮,彰化縣,74643,縣立新興國小_校本部校區,縣立新興國小,duplicate data,120.4570541,國小,彰化縣鹿港鎮詔安里某旦巷85號,24.07256508,校本部校區
﻿鹿港鎮,彰化縣,74646,縣立東興國小_校本部校區,縣立東興國小,duplicate data,120.4753799,國小,彰化縣鹿港鎮東崎里東崎7巷52號,24.05763817,校本部校區
﻿福興鄉,彰化縣,74653,縣立育新國小_校本部校區,縣立育新國小,duplicate data,120.4130707,國小,彰化縣福興鄉二港村福正路4號,24.0413723,校本部校區
﻿埔鹽鄉,彰化縣,74670,縣立永樂國小_校本部校區,縣立永樂國小,duplicate data,120.4314499,國小,彰化縣埔鹽鄉永樂村永樂路600號,24.0003624,校本部校區
﻿埔心鄉,彰化縣,74674,縣立太平國小_校本部校區,縣立太平國小,duplicate data,120.5529556,國小,彰化縣埔心鄉太平村太平路289號,23.93786812,校本部校區
﻿員林市,彰化縣,74681,縣立育英國小_校本部校區,縣立育英國小,duplicate data,120.5741119,國小,彰化縣員林市黎明里光明街31號,23.95271111,校本部校區
﻿永靖鄉,彰化縣,74694,縣立福德國小_校本部校區,縣立福德國小,duplicate data,120.5414124,國小,彰化縣永靖鄉永南村福德巷36號,23.91478539,校本部校區
﻿永靖鄉,彰化縣,74696,縣立福興國小_校本部校區,縣立福興國小,duplicate data,120.5226288,國小,彰化縣永靖鄉福興村永福路二段160號,23.91992378,校本部校區
﻿社頭鄉,彰化縣,74707,縣立清水國小_校本部校區,縣立清水國小,duplicate data,120.6100235,國小,彰化縣社頭鄉山腳路一段486號,23.88949585,校本部校區
﻿田尾鄉,彰化縣,74719,縣立陸豐國小_校本部校區,縣立陸豐國小,duplicate data,120.505043,國小,彰化縣田尾鄉陸豐村民生路三段200號,23.91734505,校本部校區
﻿埤頭鄉,彰化縣,74725,縣立中和國小_校本部校區,縣立中和國小,duplicate data,120.4603424,國小,彰化縣埤頭鄉中和村溪林路284號,23.84738731,校本部校區
﻿埤頭鄉,彰化縣,74726,縣立大湖國小_校本部校區,縣立大湖國小,duplicate data,120.4527512,國小,彰化縣埤頭鄉大湖村大湖路260號,23.86591339,校本部校區
﻿溪州鄉,彰化縣,74732,縣立成功國小_校本部校區,縣立成功國小,duplicate data,120.5448227,國小,彰化縣溪州鄉成功村登山路二段365號,23.82606316,校本部校區
﻿二林鎮,彰化縣,74738,縣立中正國小_校本部校區,縣立中正國小,duplicate data,120.3707504,國小,彰化縣二林鎮南光里建興街80號,23.89761925,校本部校區
﻿二林鎮,彰化縣,74741,縣立廣興國小_校本部校區,縣立廣興國小,duplicate data,120.3627701,國小,彰化縣二林鎮廣興里廣興巷2之1號,23.87584877,校本部校區
﻿二林鎮,彰化縣,74743,縣立新生國小_校本部校區,縣立新生國小,duplicate data,120.3948822,國小,彰化縣二林鎮趙甲里鎮平巷59號,23.93752289,校本部校區
﻿二林鎮,彰化縣,74744,縣立中興國小_校本部校區,縣立中興國小,duplicate data,120.442688,國小,彰化縣二林鎮華菕里光復路73號,23.94785309,校本部校區
﻿竹塘鄉,彰化縣,74756,縣立長安國小_校本部校區,縣立長安國小,duplicate data,120.3869171,國小,彰化縣竹塘鄉長安村東陽路二段123號,23.84787178,校本部校區
﻿二林鎮,彰化縣,7.40E+11,縣立中正國小補校,縣立中正國小補校,duplicate data,120.3703995,國小,彰化縣二林鎮南光里建興街80號,23.89771461,
﻿伸港鄉,彰化縣,7.40E+25,縣立新港國小補校,縣立新港國小補校,duplicate data,120.4849014,國小,彰化縣伸港鄉和平路60號,24.14841461,
﻿南投市,南投縣,84602,縣立平和國小_校本部校區,縣立平和國小,duplicate data,120.6911926,國小,南投縣南投市平和里育樂路62號,23.91320229,校本部校區
﻿南投市,南投縣,84603,縣立新豐國小_校本部校區,縣立新豐國小,duplicate data,120.6724396,國小,南投縣南投市彰南路三段221號,23.92944527,校本部校區
﻿南投市,南投縣,84606,縣立德興國小_校本部校區,縣立德興國小,duplicate data,120.6929779,國小,南投縣南投市內興里中興路200號,23.93249321,校本部校區
﻿南投市,南投縣,84613,縣立光復國小_校本部校區,縣立光復國小,duplicate data,120.7024231,國小,南投縣南投市光明里光明一路67號,23.94161415,校本部校區
﻿埔里鎮,南投縣,84617,縣立育英國小_校本部校區,縣立育英國小,duplicate data,120.9616623,國小,南投縣埔里鎮清新里育英街20號,23.96231651,校本部校區
﻿埔里鎮,南投縣,84621,縣立水尾國小_校本部校區,縣立水尾國小,duplicate data,120.9297409,國小,南投縣埔里鎮一新里永豐路92號,23.99868011,校本部校區
﻿埔里鎮,南投縣,84624,縣立太平國小_校本部校區,縣立太平國小,duplicate data,120.9212418,國小,南投縣埔里鎮合成里西安路三段167巷35號,24.02650642,校本部校區
﻿埔里鎮,南投縣,84625,縣立忠孝國小_校本部校區,縣立忠孝國小,duplicate data,120.979805,國小,南投縣埔里鎮牛眠里守城路28號,23.99103546,校本部校區
﻿埔里鎮,南投縣,84627,縣立大成國小_校本部校區,縣立大成國小,duplicate data,120.9512939,國小,南投縣埔里鎮中山路三段565號,23.96994781,校本部校區
﻿草屯鎮,南投縣,84631,縣立新庄國小_校本部校區,縣立新庄國小,duplicate data,120.6679688,國小,南投縣草屯鎮新庄里新庄三路32號,23.99546623,校本部校區
﻿草屯鎮,南投縣,84638,縣立坪頂國小_校本部校區,縣立坪頂國小,duplicate data,120.7392654,國小,南投縣草屯鎮坪頂里南坪路40號,23.96706963,校本部校區
﻿竹山鎮,南投縣,84650,縣立鯉魚國小_校本部校區,縣立鯉魚國小,duplicate data,120.6544495,國小,南投縣竹山鎮鯉魚里鯉行路92號,23.71427155,校本部校區
﻿竹山鎮,南投縣,84653,縣立中和國小_校本部校區,縣立中和國小,duplicate data,120.6681747,國小,南投縣竹山鎮集山路三段1394號,23.75773811,校本部校區
﻿集集鎮,南投縣,84659,縣立富山國小_校本部校區,縣立富山國小,duplicate data,120.8197327,國小,南投縣集集鎮富山里大坪巷24號,23.8255024,校本部校區
﻿名間鄉,南投縣,84663,縣立中山國小_校本部校區,縣立中山國小,duplicate data,120.6618195,國小,南投縣名間鄉名松路一段294號,23.83697891,校本部校區
﻿名間鄉,南投縣,84667,縣立新民國小_校本部校區,縣立新民國小,duplicate data,120.6867828,國小,南投縣名間鄉新民村新民巷43號,23.82052231,校本部校區
﻿鹿谷鄉,南投縣,84670,縣立文昌國小_校本部校區,縣立文昌國小,duplicate data,120.7548904,國小,南投縣鹿谷鄉竹林村光復路96號,23.72820854,校本部校區
﻿鹿谷鄉,南投縣,84676,縣立廣興國小_校本部校區,縣立廣興國小,duplicate data,120.7651291,國小,南投縣鹿谷鄉廣興村興產路97號,23.73625946,校本部校區
﻿中寮鄉,南投縣,84679,縣立永樂國小_校本部校區,縣立永樂國小,duplicate data,120.7985764,國小,南投縣中寮鄉福盛村永樂路88號,23.88388824,校本部校區
﻿中寮鄉,南投縣,84681,縣立清水國小_校本部校區,縣立清水國小,duplicate data,120.791153,國小,南投縣中寮鄉清水村瀧林巷3號,23.94465828,校本部校區
﻿中寮鄉,南投縣,84685,縣立和興國小_校本部校區,縣立和興國小,duplicate data,120.813446,國小,南投縣中寮鄉永樂路154之1號,23.90908241,校本部校區
﻿魚池鄉,南投縣,84689,縣立東光國小_校本部校區,縣立東光國小,duplicate data,120.9666977,國小,南投縣魚池鄉東光村慶隆巷36號,23.89046669,校本部校區
﻿魚池鄉,南投縣,84693,縣立新城國小_校本部校區,縣立新城國小,duplicate data,120.9247284,國小,南投縣魚池鄉新城村通文巷7之1號,23.9037075,校本部校區
﻿國姓鄉,南投縣,84701,縣立南港國小_校本部校區,縣立南港國小,duplicate data,120.8692627,國小,南投縣國姓鄉南港路112之8號,23.95038223,校本部校區
﻿水里鄉,南投縣,84709,縣立新興國小_校本部校區,縣立新興國小,duplicate data,120.8706207,國小,南投縣水里鄉新興村新興巷15號,23.88412476,校本部校區
﻿水里鄉,南投縣,84710,縣立玉峰國小_校本部校區,縣立玉峰國小,duplicate data,120.8375397,國小,南投縣水里鄉玉峰村仁愛路3號,23.80574989,校本部校區
﻿水里鄉,南投縣,84711,縣立永興國小_校本部校區,縣立永興國小,duplicate data,120.8635941,國小,南投縣水里鄉永興村林朋巷148號,23.78472519,校本部校區
﻿信義鄉,南投縣,84716,縣立信義國小_校本部校區,縣立信義國小,duplicate data,120.8547363,國小,南投縣信義鄉明德村玉山路24號,23.6979332,校本部校區
﻿仁愛鄉,南投縣,84733,縣立仁愛國小_校本部校區,縣立仁愛國小,duplicate data,121.1332474,國小,南投縣仁愛鄉大同村山農巷5號,24.02047157,校本部校區
﻿仁愛鄉,南投縣,84738,縣立力行國小_校本部校區,縣立力行國小,duplicate data,121.1893387,國小,南投縣仁愛鄉力行村新望洋67號,24.14829826,校本部校區
﻿仁愛鄉,南投縣,84740,縣立中正國小_校本部校區,縣立中正國小,duplicate data,120.991188,國小,南投縣仁愛鄉中正村平等巷114號,23.90464783,校本部校區
﻿斗六市,雲林縣,94606,縣立溪洲國小_校本部校區,縣立溪洲國小,duplicate data,120.5555344,國小,雲林縣斗六市溪洲里萬年路809號,23.7414093,校本部校區
﻿古坑鄉,雲林縣,94613,縣立東和國小_校本部校區,縣立東和國小,duplicate data,120.568634,國小,雲林縣古坑鄉東和村文化路120號,23.68491364,校本部校區
﻿古坑鄉,雲林縣,94614,縣立永光國小_校本部校區,縣立永光國小,duplicate data,120.5544662,國小,雲林縣古坑鄉永光村文昌路84號,23.62613106,校本部校區
﻿古坑鄉,雲林縣,94620,縣立華南國小_校本部校區,縣立華南國小,duplicate data,120.5746613,國小,雲林縣古坑鄉華南村28號,23.59629822,校本部校區
﻿古坑鄉,雲林縣,94624,縣立新光國小_校本部校區,縣立新光國小,duplicate data,120.5864792,國小,雲林縣古坑鄉新庄村新庄1之1號,23.687006,校本部校區
﻿林內鄉,雲林縣,94628,縣立成功國小_校本部校區,縣立成功國小,duplicate data,120.6401062,國小,雲林縣林內鄉坪頂村1號,23.75692368,校本部校區
﻿林內鄉,雲林縣,94630,縣立民生國小_校本部校區,縣立民生國小,duplicate data,120.5969238,國小,雲林縣林內鄉烏塗村華興路1號,23.76747322,校本部校區
﻿莿桐鄉,雲林縣,94640,縣立六合國小_校本部校區,縣立六合國小,duplicate data,120.5630417,國小,雲林縣莿桐鄉六合村東興路63號,23.76864433,校本部校區
﻿大埤鄉,雲林縣,94646,縣立嘉興國小_校本部校區,縣立嘉興國小,duplicate data,120.4595871,國小,雲林縣大埤鄉嘉興村嘉興路65號,23.64731979,校本部校區
﻿虎尾鎮,雲林縣,94652,縣立光復國小_校本部校區,縣立光復國小,duplicate data,120.4011383,國小,雲林縣虎尾鎮墾地里光復莊11鄰39號,23.74101257,校本部校區
﻿虎尾鎮,雲林縣,94653,縣立中正國小_校本部校區,縣立中正國小,duplicate data,120.4415512,國小,雲林縣虎尾鎮林森路一段64號,23.71899414,校本部校區
﻿虎尾鎮,雲林縣,94654,縣立平和國小_校本部校區,縣立平和國小,duplicate data,120.4512482,國小,雲林縣虎尾鎮平和里光復路22號,23.70750809,校本部校區
﻿虎尾鎮,雲林縣,94657,縣立拯民國小_校本部校區,縣立拯民國小,duplicate data,119.4276692,國小,雲林縣虎尾鎮建國三村10號,23.702408,校本部校區
﻿土庫鎮,雲林縣,94664,縣立新庄國小_校本部校區,縣立新庄國小,duplicate data,120.3712692,國小,雲林縣土庫鎮新庄里南新庄1號,23.73276711,校本部校區
﻿褒忠鄉,雲林縣,94668,縣立復興國小_校本部校區,縣立復興國小,duplicate data,120.2839279,國小,雲林縣褒忠鄉新湖村復興路71號,23.70480347,校本部校區
﻿東勢鄉,雲林縣,94673,縣立同安國小_校本部校區,縣立同安國小,duplicate data,120.2657394,國小,雲林縣東勢鄉同安路67號,23.7115612,校本部校區
﻿東勢鄉,雲林縣,94674,縣立龍潭國小_校本部校區,縣立龍潭國小,duplicate data,120.2393341,國小,雲林縣東勢鄉龍潭村信義路1號,23.69006729,校本部校區
﻿臺西鄉,雲林縣,94678,縣立新興國小_校本部校區,縣立新興國小,duplicate data,120.2227554,國小,雲林縣臺西鄉和豐村復興路53號,23.73958778,校本部校區
﻿西螺鎮,雲林縣,94680,縣立文昌國小_校本部校區,縣立文昌國小,duplicate data,120.4519424,國小,雲林縣西螺鎮中興里延平路504號,23.8013382,校本部校區
﻿西螺鎮,雲林縣,94681,縣立中山國小_校本部校區,縣立中山國小,duplicate data,120.465271,國小,雲林縣西螺鎮廣福里新街路2號,23.7953186,校本部校區
﻿西螺鎮,雲林縣,94682,縣立廣興國小_校本部校區,縣立廣興國小,duplicate data,120.4582901,國小,雲林縣西螺鎮廣興里59號,23.76677704,校本部校區
﻿西螺鎮,雲林縣,94685,縣立大新國小_校本部校區,縣立大新國小,duplicate data,120.4866486,國小,648 雲林縣西螺鎮大新里215號,23.78998947,校本部校區
﻿二崙鄉,雲林縣,94691,縣立大同國小_校本部校區,縣立大同國小,duplicate data,120.3756485,國小,雲林縣二崙鄉大同村大同路5號,23.79409599,校本部校區
﻿崙背鄉,雲林縣,94699,縣立中和國小_校本部校區,縣立中和國小,duplicate data,120.3303146,國小,雲林縣崙背鄉草湖村二鄰2號,23.79219055,校本部校區
﻿麥寮鄉,雲林縣,94703,縣立橋頭國小_校本部校區,縣立橋頭國小,duplicate data,120.2738647,國小,雲林縣麥寮鄉橋頭村仁德路248號,23.79788589,校本部校區
﻿麥寮鄉,雲林縣,94705,縣立興華國小_校本部校區,縣立興華國小,duplicate data,120.2883759,國小,雲林縣麥寮鄉興華村興化路1號,23.75931549,校本部校區
﻿北港鎮,雲林縣,94710,縣立育英國小_校本部校區,縣立育英國小,duplicate data,120.2780838,國小,雲林縣北港鎮番溝里84號,23.62247276,校本部校區
﻿元長鄉,雲林縣,94716,縣立新生國小_校本部校區,縣立新生國小,duplicate data,120.358963,國小,655雲林縣元長鄉瓦?村新生路11號,23.63768959,校本部校區
﻿元長鄉,雲林縣,94720,縣立忠孝國小_校本部校區,縣立忠孝國小,duplicate data,120.3148575,國小,雲林縣元長鄉龍岩村148號,23.62137413,校本部校區
﻿元長鄉,雲林縣,94721,縣立仁愛國小_校本部校區,縣立仁愛國小,duplicate data,120.2892227,國小,雲林縣元長鄉潭西村潭內路1號,23.64112473,校本部校區
﻿元長鄉,雲林縣,94722,縣立信義國小_校本部校區,縣立信義國小,duplicate data,120.2803192,國小,雲林縣元長鄉五塊村北水路8號,23.6567955,校本部校區
﻿元長鄉,雲林縣,94723,縣立和平國小_校本部校區,縣立和平國小,duplicate data,120.335907,國小,雲林縣元長鄉子茂村4號,23.65830803,校本部校區
﻿四湖鄉,雲林縣,94725,縣立東光國小_校本部校區,縣立東光國小,duplicate data,120.2722321,國小,雲林縣四湖鄉溪底村成功路11號,23.65193558,校本部校區
﻿四湖鄉,雲林縣,94730,縣立南光國小_校本部校區,縣立南光國小,duplicate data,120.2191772,國小,雲林縣四湖鄉蔡厝村蔡厝路90號,23.61200905,校本部校區
﻿四湖鄉,雲林縣,94732,縣立明德國小_校本部校區,縣立明德國小,duplicate data,120.1994934,國小,雲林縣四湖鄉溪尾村中溪尾30號,23.65278625,校本部校區
﻿四湖鄉,雲林縣,94734,縣立內湖國小_校本部校區,縣立內湖國小,duplicate data,120.1946335,國小,雲林縣四湖鄉內湖村三塊厝123號,23.63003731,校本部校區
﻿水林鄉,雲林縣,94747,縣立尖山國小_校本部校區,縣立尖山國小,duplicate data,120.2232895,國小,雲林縣水林鄉大山村大山路6號,23.56017494,校本部校區
﻿水林鄉,雲林縣,94751,縣立中興國小_校本部校區,縣立中興國小,duplicate data,120.2074738,國小,雲林縣水林鄉瓊埔村148號,23.51856041,校本部校區
﻿水林鄉,雲林縣,94754,縣立大興國小_校本部校區,縣立大興國小,duplicate data,120.2111053,國小,雲林縣水林鄉大溝村1號,23.56589317,校本部校區
﻿斗六市,雲林縣,94755,縣立雲林國小_校本部校區,縣立雲林國小,duplicate data,120.5482635,國小,雲林縣斗六市莊敬路111號,23.70287514,校本部校區
﻿西螺鎮,雲林縣,9.40E+10,縣立中山國小補校,縣立中山國小補校,duplicate data,120.4650421,國小,雲林縣西螺鎮廣福里新街路2號,23.79516411,
﻿朴子市,嘉義縣,104602,縣立大同國小_校本部校區,縣立大同國小,duplicate data,120.2405853,國小,嘉義縣朴子市大同路239號,23.46073532,校本部校區
﻿朴子市,嘉義縣,104603,縣立雙溪國小_校本部校區,縣立雙溪國小,duplicate data,120.2778549,國小,嘉義縣朴子市雙溪里30號,23.48420334,校本部校區
﻿布袋鎮,嘉義縣,104608,縣立景山國小_校本部校區,縣立景山國小,duplicate data,120.1928406,國小,嘉義縣布袋鎮東港里136號,23.38294983,校本部校區
﻿大林鎮,嘉義縣,104616,縣立三和國小_校本部校區,縣立三和國小,duplicate data,120.4886017,國小,嘉義縣大林鎮中興路二段937號,23.60583687,校本部校區
﻿民雄鄉,嘉義縣,104622,縣立東榮國小_校本部校區,縣立東榮國小,duplicate data,120.4347076,國小,嘉義縣民雄鄉頂崙村105號,23.55810738,校本部校區
﻿民雄鄉,嘉義縣,104626,縣立秀林國小_校本部校區,縣立秀林國小,duplicate data,120.4561691,國小,嘉義縣民雄鄉北斗村北勢仔17號,23.53398514,校本部校區
﻿新港鄉,嘉義縣,104633,縣立新港國小_校本部校區,縣立新港國小,duplicate data,120.3450012,國小,嘉義縣新港鄉福德村登雲路105號,23.55552101,校本部校區
﻿新港鄉,嘉義縣,104634,縣立文昌國小_校本部校區,縣立文昌國小,duplicate data,120.3504944,國小,嘉義縣新港鄉宮前村古民街12號,23.55356216,校本部校區
﻿新港鄉,嘉義縣,104637,縣立復興國小_校本部校區,縣立復興國小,duplicate data,120.3571396,國小,嘉義縣新港鄉北崙村75之4號,23.58994675,校本部校區
﻿鹿草鄉,嘉義縣,104658,縣立碧潭國小_校本部校區,縣立碧潭國小,duplicate data,120.2995071,國小,嘉義縣鹿草鄉碧潭村184號,23.38653374,校本部校區
﻿義竹鄉,嘉義縣,104663,縣立光榮國小_校本部校區,縣立光榮國小,duplicate data,120.2470856,國小,嘉義縣義竹鄉東光村64號,23.37915802,校本部校區
﻿義竹鄉,嘉義縣,104668,縣立南興國小_校本部校區,縣立南興國小,duplicate data,120.1927948,國小,嘉義縣義竹鄉新店村77號,23.34078026,校本部校區
﻿中埔鄉,嘉義縣,104682,縣立大有國小_校本部校區,縣立大有國小,duplicate data,120.5127411,國小,嘉義縣中埔鄉裕民村石頭厝17之1號,23.42915344,校本部校區
﻿中埔鄉,嘉義縣,104683,縣立中山國小_校本部校區,縣立中山國小,duplicate data,120.5484619,國小,嘉義縣中埔鄉石弄村22號,23.41228485,校本部校區
﻿番路鄉,嘉義縣,104693,縣立民和國小_校本部校區,縣立民和國小,duplicate data,120.5530853,國小,嘉義縣番路鄉下坑村菜公店91號,23.46410942,校本部校區
﻿番路鄉,嘉義縣,104695,縣立黎明國小_校本部校區,縣立黎明國小,duplicate data,120.604538,國小,嘉義縣番路鄉觸口村觸口164號,23.4386692,校本部校區
﻿番路鄉,嘉義縣,104696,縣立大湖國小_校本部校區,縣立大湖國小,duplicate data,120.6202774,國小,嘉義縣番路鄉大湖村下坪仔8號,23.47500038,校本部校區
﻿竹崎鄉,嘉義縣,104707,縣立桃源國小_校本部校區,縣立桃源國小,duplicate data,120.5859528,國小,嘉義縣竹崎鄉桃源村78號,23.47352219,校本部校區
﻿竹崎鄉,嘉義縣,104708,縣立中和國小_校本部校區,縣立中和國小,duplicate data,120.6983414,國小,嘉義縣竹崎鄉中和村奮起湖215號,23.50162125,校本部校區
﻿竹崎鄉,嘉義縣,104709,縣立中興國小_校本部校區,縣立中興國小,duplicate data,120.6971283,國小,嘉義縣竹崎鄉中和村石棹10-1號,23.47763252,校本部校區
﻿竹崎鄉,嘉義縣,104710,縣立光華國小_校本部校區,縣立光華國小,duplicate data,120.6702881,國小,嘉義縣竹崎鄉光華村四鄰10號,23.47272873,校本部校區
﻿竹崎鄉,嘉義縣,104713,縣立沙坑國小_校本部校區,縣立沙坑國小,duplicate data,120.520401,國小,嘉義縣竹崎鄉沙坑村57之2號,23.53058434,校本部校區
﻿梅山鄉,嘉義縣,104717,縣立太平國小_校本部校區,縣立太平國小,duplicate data,120.6061249,國小,嘉義縣梅山鄉太平村大坪4號,23.5612545,校本部校區
﻿梅山鄉,嘉義縣,104721,縣立大南國小_校本部校區,縣立大南國小,duplicate data,120.5543289,國小,嘉義縣梅山鄉大南村大草埔15號及安靖村柿仔寮3號,23.5580368,校本部校區
﻿梅山鄉,嘉義縣,104722,縣立瑞峰國小_校本部校區,縣立瑞峰國小,duplicate data,120.6688538,國小,嘉義縣梅山鄉瑞峰村生毛樹19號之1,23.55599594,校本部校區
﻿梅山鄉,嘉義縣,104725,縣立仁和國小_校本部校區,縣立仁和國小,duplicate data,120.7242203,國小,嘉義縣梅山鄉太和村社前湖6號,23.55600739,校本部校區
﻿中埔鄉,嘉義縣,104738,縣立和興國小_校本部校區,縣立和興國小,duplicate data,120.4535828,國小,嘉義縣中埔鄉和興村和興路91號,23.44290924,校本部校區
﻿大林鎮,嘉義縣,104739,縣立平林國小_校本部校區,縣立平林國小,duplicate data,120.4616013,國小,嘉義縣大林鎮平林里民權路80號,23.5997963,校本部校區
﻿仁德區,臺南市,114603,市立長興國小_校本部校區,市立長興國小,duplicate data,120.2602921,國小,臺南市仁德區土庫路6號,22.99033165,校本部校區
﻿仁德區,臺南市,114605,市立大甲國小_校本部校區,市立大甲國小,duplicate data,120.2171707,國小,臺南市仁德區大甲里中正西路360巷30號,22.91884041,校本部校區
﻿仁德區,臺南市,114606,市立仁和國小_校本部校區,市立仁和國小,duplicate data,120.2219849,國小,臺南市仁德區仁愛里保仁路68號,22.96067619,校本部校區
﻿歸仁區,臺南市,114612,市立大潭國小_校本部校區,市立大潭國小,duplicate data,120.2717133,國小,臺南市歸仁區大潭里中正南路三段97號,22.91411781,校本部校區
﻿關廟區,臺南市,114618,市立深坑國小_校本部校區,市立深坑國小,duplicate data,120.3330994,國小,臺南市關廟區南雄路一段487號,22.93987083,校本部校區
﻿永康區,臺南市,114628,市立龍潭國小_校本部校區,市立龍潭國小,duplicate data,120.2688675,國小,臺南市永康區龍潭街214號,23.03349495,校本部校區
﻿左鎮區,臺南市,114646,市立光榮國小_校本部校區,市立光榮國小,duplicate data,120.3897934,國小,臺南市左鎮區榮和里62之30號,23.06453705,校本部校區
﻿善化區,臺南市,114650,市立大成國小_校本部校區,市立大成國小,duplicate data,120.2950134,國小,臺南市善化區大成路385號,23.12871742,校本部校區
﻿善化區,臺南市,114651,市立陽明國小_校本部校區,市立陽明國小,duplicate data,120.2725906,國小,臺南市善化區胡家里300號,23.14287376,校本部校區
﻿新市區,臺南市,114654,市立新市國小_校本部校區,市立新市國小,duplicate data,120.2957001,國小,臺南市新市區中興街1號,23.07896423,校本部校區
﻿安定區,臺南市,114656,市立安定國小_校本部校區,市立安定國小,duplicate data,120.24646,國小,臺南市安定區安定里1號,23.12378883,校本部校區
﻿麻豆區,臺南市,114664,市立北勢國小_校本部校區,市立北勢國小,duplicate data,120.2401352,國小,臺南市麻豆區北勢里15號,23.20511818,校本部校區
﻿佳里區,臺南市,114673,市立仁愛國小_校本部校區,市立仁愛國小,duplicate data,120.1793442,國小,臺南市佳里區仁愛路307號,23.15325165,校本部校區
﻿七股區,臺南市,114688,市立龍山國小_校本部校區,市立龍山國小,duplicate data,120.1157532,國小,臺南市七股區龍山里12號,23.1368351,校本部校區
﻿七股區,臺南市,114692,市立樹林國小_校本部校區,市立樹林國小,duplicate data,120.1545868,國小,臺南市七股區樹林里65之11號,23.11176491,校本部校區
﻿北門區,臺南市,114699,市立北門國小_校本部校區,市立北門國小,duplicate data,120.1251297,國小,臺南市北門區北門里舊埕3號,23.26529121,校本部校區
﻿北門區,臺南市,114701,市立文山國小_校本部校區,市立文山國小,duplicate data,120.1263657,國小,臺南市北門區中樞里50號,23.24118805,校本部校區
﻿學甲區,臺南市,114710,市立東陽國小_校本部校區,市立東陽國小,duplicate data,120.1837387,國小,臺南市學甲區華宗路260號,23.22894478,校本部校區
﻿鹽水區,臺南市,114739,市立?頭港國小_校本部校區,市立?頭港國小,special value,120.249855,國小,臺南市鹽水區南港里202號,23.25455856,校本部校區
﻿白河區,臺南市,114756,市立大竹國小_校本部校區,市立大竹國小,duplicate data,120.4130402,國小,臺南市白河區大竹里3號,23.36785889,校本部校區
﻿後壁區,臺南市,114767,市立永安國小_校本部校區,市立永安國小,duplicate data,120.3865662,國小,臺南市後壁區嘉田里48之5號,23.38446236,校本部校區
﻿東山區,臺南市,114770,市立東山國小_校本部校區,市立東山國小,duplicate data,120.404541,國小,臺南市東山區東中里青葉路2段49號,23.32330894,校本部校區
﻿永康區,臺南市,114776,市立崑山國小_校本部校區,市立崑山國小,duplicate data,120.2582626,國小,臺南市永康區國光五街72號,23.00615692,校本部校區
﻿歸仁區,臺南市,114778,市立文化國小_校本部校區,市立文化國小,duplicate data,120.2890472,國小,臺南市歸仁區文化街二段136號,22.9710865,校本部校區
﻿佳里區,臺南市,114780,市立信義國小_校本部校區,市立信義國小,duplicate data,120.1822739,國小,臺南市佳里區忠仁里信義一街336號,23.15967941,校本部校區
﻿新營區,臺南市,114781,市立新泰國小_校本部校區,市立新泰國小,duplicate data,120.3261871,國小,臺南市新營區東學路77號,23.31558037,校本部校區
﻿安定區,臺南市,1.14E+07,縣立南安國小補校,縣立南安國小補校,duplicate data,120.2254257,國小,臺南市安定區南安里62號,23.09888649,
﻿永康區,臺南市,1.14E+19,縣立復興國小補校,縣立復興國小補校,duplicate data,120.2391357,國小,臺南市永康區華興街2號,23.00089836,
﻿鳳山區,高雄市,124603,市立文山國小_校本部校區,市立文山國小,duplicate data,120.3600616,國小,高雄市鳳山區鳳松路25巷20號,22.63333702,校本部校區
﻿鳳山區,高雄市,124605,市立五甲國小_校本部校區,市立五甲國小,duplicate data,120.3353119,國小,高雄市鳳山區五甲二路424號,22.59869194,校本部校區
﻿鳳山區,高雄市,124609,市立五福國小_校本部校區,市立五福國小,duplicate data,120.3261337,國小,高雄市鳳山區五福里福德街145號,22.58979797,校本部校區
﻿大寮區,高雄市,124620,市立忠義國小_校本部校區,市立忠義國小,duplicate data,120.38414,國小,高雄市大寮區忠義里忠義路1號,22.61635399,校本部校區
﻿鳥松區,高雄市,124642,市立大華國小_校本部校區,市立大華國小,duplicate data,120.3404999,國小,高雄市鳥松區大華路200號,22.6537323,校本部校區
﻿岡山區,高雄市,124648,市立和平國小_校本部校區,市立和平國小,duplicate data,120.3038254,國小,高雄市岡山區和平里和平路1號,22.78205299,校本部校區
﻿燕巢區,高雄市,124655,市立橫山國小_校本部校區,市立橫山國小,duplicate data,120.3794708,國小,高雄市燕巢區橫山路24號,22.76854134,校本部校區
﻿燕巢區,高雄市,124659,市立金山國小_校本部校區,市立金山國小,duplicate data,120.3980789,國小,高雄市燕巢區金山里番田路29號,22.81180191,校本部校區
﻿田寮區,高雄市,124661,市立崇德國小_校本部校區,市立崇德國小,duplicate data,120.3790283,國小,823高雄市田寮區崇德里崇德路101號,22.87774658,校本部校區
﻿湖內區,高雄市,124674,市立文賢國小_校本部校區,市立文賢國小,duplicate data,120.2132111,國小,高雄市湖內區中賢里中正路二段39號,22.90827179,校本部校區
﻿湖內區,高雄市,124676,市立大湖國小_校本部校區,市立大湖國小,duplicate data,120.2445145,國小,高雄市湖內區大湖里民權路2號,22.88775826,校本部校區
﻿永安區,高雄市,124682,市立永安國小_校本部校區,市立永安國小,duplicate data,120.2245407,國小,高雄市永安區永華里永華路49號,22.81544876,校本部校區
﻿彌陀區,高雄市,124685,市立南安國小_校本部校區,市立南安國小,duplicate data,120.2440186,國小,高雄市彌陀區漯底里樂安路1號,22.76363754,校本部校區
﻿梓官區,高雄市,124688,市立蚵寮國小_校本部校區,市立蚵寮國小,duplicate data,120.2482376,國小,高雄市梓官區禮蚵里光明路177號,22.73340988,校本部校區
﻿旗山區,高雄市,124690,市立溪洲國小_校本部校區,市立溪洲國小,duplicate data,120.46521,國小,高雄市旗山區大山里旗南二路126號,22.84767914,校本部校區
﻿美濃區,高雄市,124698,市立東門國小_校本部校區,市立東門國小,duplicate data,120.5531769,國小,高雄市美濃區東門里民族路36巷2號,22.89983177,校本部校區
﻿美濃區,高雄市,124702,市立廣興國小_校本部校區,市立廣興國小,duplicate data,120.5677643,國小,高雄市美濃區興隆里廣興街124號,22.91753006,校本部校區
﻿美濃區,高雄市,124703,市立龍山國小_校本部校區,市立龍山國小,duplicate data,120.5562439,國小,高雄市美濃區龍山里龍山街62號,22.86450005,校本部校區
﻿美濃區,高雄市,124704,市立福安國小_校本部校區,市立福安國小,duplicate data,120.52005,國小,高雄市美濃區中山路二段358號,22.90188789,校本部校區
﻿內門區,高雄市,124723,市立西門國小_校本部校區,市立西門國小,duplicate data,120.4303513,國小,高雄市內門區內東里柿子園24號,22.92008972,校本部校區
﻿鳳山區,高雄市,124742,市立文德國小_校本部校區,市立文德國小,duplicate data,120.3539276,國小,高雄市鳳山區文衡路356號,22.64069366,校本部校區
﻿岡山區,高雄市,124745,市立竹圍國小_校本部校區,市立竹圍國小,duplicate data,120.3028336,國小,高雄市岡山區竹圍里大仁北路1號,22.8029747,校本部校區
﻿大社區,高雄市,124746,市立觀音國小_校本部校區,市立觀音國小,duplicate data,120.3560638,國小,高雄市大社區觀音里文明路100號,22.72304535,校本部校區
﻿鳳山區,高雄市,124748,市立正義國小_校本部校區,市立正義國小,duplicate data,120.340126,國小,高雄市鳳山區南昌街55號,22.60399628,校本部校區
﻿大寮區,高雄市,124750,市立山頂國小_校本部校區,市立山頂國小,duplicate data,120.3888092,國小,高雄市大寮區山頂路211號,22.60780716,校本部校區
﻿鳳山區,高雄市,124761,市立文華國小_校本部校區,市立文華國小,duplicate data,120.3527451,國小,高雄市鳳山區文華里文化路52號,22.63440132,校本部校區
﻿屏東市,屏東縣,134601,縣立中正國小_校本部校區,縣立中正國小,duplicate data,120.4881287,國小,屏東縣屏東市文明里蘇州街75號,22.67313957,校本部校區
﻿屏東市,屏東縣,134602,縣立仁愛國小_校本部校區,縣立仁愛國小,duplicate data,120.494751,國小,屏東市仁愛路98號,22.67669487,校本部校區
﻿屏東市,屏東縣,134604,縣立公館國小_校本部校區,縣立公館國小,duplicate data,120.4821548,國小,屏東市公華街182號,22.63785744,校本部校區
﻿屏東市,屏東縣,134605,縣立大同國小_校本部校區,縣立大同國小,duplicate data,120.4765625,國小,屏東縣屏東市安鎮里建國路202號,22.66632652,校本部校區
﻿屏東市,屏東縣,134612,縣立民和國小_校本部校區,縣立民和國小,duplicate data,120.4958115,國小,屏東縣屏東市自立路213號,22.67060852,校本部校區
﻿屏東市,屏東縣,134614,縣立復興國小_校本部校區,縣立復興國小,duplicate data,120.4859161,國小,屏東縣屏東市永安里復興路376號,22.65958405,校本部校區
﻿屏東市,屏東縣,134615,縣立忠孝國小_校本部校區,縣立忠孝國小,duplicate data,120.5036163,國小,屏東縣屏東市建豐路204號,22.67724991,校本部校區
﻿屏東市,屏東縣,134616,縣立和平國小_校本部校區,縣立和平國小,duplicate data,120.5016556,國小,屏東市中正里華正路80號,22.68704224,校本部校區
﻿萬丹鄉,屏東縣,134618,縣立新庄國小_校本部校區,縣立新庄國小,duplicate data,120.4802551,國小,屏東縣萬丹鄉新庄村新鐘路410號,22.56215858,校本部校區
﻿萬丹鄉,屏東縣,134619,縣立興華國小_校本部校區,縣立興華國小,duplicate data,120.4616776,國小,屏東縣萬丹鄉崙頂村崙頂路860號,22.59288406,校本部校區
﻿萬丹鄉,屏東縣,134620,縣立新興國小_校本部校區,縣立新興國小,duplicate data,120.4586563,國小,屏東縣萬丹鄉灣內村聖賢路241號,22.57062721,校本部校區
﻿高樹鄉,屏東縣,134639,縣立新豐國小_校本部校區,縣立新豐國小,duplicate data,120.6342773,國小,屏東縣高樹鄉新豐村泰和路26號,22.86338234,校本部校區
﻿高樹鄉,屏東縣,134641,縣立新南國小_校本部校區,縣立新南國小,duplicate data,120.5594406,國小,屏東縣高樹鄉新南村興店路5號,22.78558159,校本部校區
﻿高樹鄉,屏東縣,134644,縣立廣興國小_校本部校區,縣立廣興國小,duplicate data,120.6210556,國小,屏東縣高樹鄉廣興村中正路28號,22.73914909,校本部校區
﻿里港鄉,屏東縣,134648,縣立土庫國小_校本部校區,縣立土庫國小,duplicate data,120.4921494,國小,屏東縣里港鄉中和村中和路33號,22.80764008,校本部校區
﻿里港鄉,屏東縣,134649,縣立三和國小_校本部校區,縣立三和國小,duplicate data,120.5063629,國小,屏東縣里港鄉土庫村土庫路１１１－３號,22.82001114,校本部校區
﻿潮州鎮,屏東縣,134653,縣立光華國小_校本部校區,縣立光華國小,duplicate data,120.5436707,國小,屏東縣潮州鎮光華里南進路2號,22.54728699,校本部校區
﻿內埔鄉,屏東縣,134662,縣立內埔國小_校本部校區,縣立內埔國小,duplicate data,120.5659409,國小,屏東縣內埔鄉內埔村廣濟路2號,22.60998154,校本部校區
﻿內埔鄉,屏東縣,134663,縣立育英國小_校本部校區,縣立育英國小,duplicate data,120.5815125,國小,屏東縣內埔鄉興南村育文路73號,22.62065125,校本部校區
﻿內埔鄉,屏東縣,134665,縣立崇文國小_校本部校區,縣立崇文國小,duplicate data,120.6002197,國小,屏東縣內埔鄉龍泉村原勝路6號,22.66689682,校本部校區
﻿內埔鄉,屏東縣,134666,縣立新生國小_校本部校區,縣立新生國小,duplicate data,120.5909424,國小,屏東縣內埔鄉大新村大新路109號,22.66728783,校本部校區
﻿內埔鄉,屏東縣,134668,縣立黎明國小_校本部校區,縣立黎明國小,duplicate data,120.5968628,國小,屏東縣內埔鄉黎明村西淇路177號,22.68744469,校本部校區
﻿內埔鄉,屏東縣,134669,縣立隘寮國小_校本部校區,縣立隘寮國小,duplicate data,120.6357269,國小,屏東縣內埔鄉隘寮村清涼路二段238號,22.70239639,校本部校區
﻿內埔鄉,屏東縣,134672,縣立豐田國小_校本部校區,縣立豐田國小,duplicate data,120.5406265,國小,屏東縣內埔鄉豐田村新中路49號,22.62652588,校本部校區
﻿內埔鄉,屏東縣,134673,縣立富田國小_校本部校區,縣立富田國小,duplicate data,120.5404434,國小,屏東縣內埔鄉富田村里仁路202號,22.61599541,校本部校區
﻿竹田鄉,屏東縣,134675,縣立西勢國小_校本部校區,縣立西勢國小,duplicate data,120.52565,國小,屏東縣竹田鄉西勢村光明路8之1號,22.62120247,校本部校區
﻿新埤鄉,屏東縣,134677,縣立新埤國小_校本部校區,縣立新埤國小,duplicate data,120.5513229,國小,屏東縣新埤鄉新華路165號,22.47065735,校本部校區
﻿新埤鄉,屏東縣,134678,縣立大成國小_校本部校區,縣立大成國小,duplicate data,120.5501022,國小,屏東縣新埤鄉打鐵村東興路33號,22.49534035,校本部校區
﻿枋寮鄉,屏東縣,134681,縣立枋寮國小_校本部校區,縣立枋寮國小,duplicate data,120.5907669,國小,屏東縣枋寮鄉德興路197號,22.36783791,校本部校區
﻿枋寮鄉,屏東縣,134684,縣立東海國小_校本部校區,縣立東海國小,duplicate data,120.577301,國小,屏東縣枋寮鄉東海村東海路486號,22.40133286,校本部校區
﻿琉球鄉,屏東縣,134699,縣立白沙國小_校本部校區,縣立白沙國小,duplicate data,120.3868637,國小,屏東縣琉球鄉漁福村三民路124號,22.35045242,校本部校區
﻿林邊鄉,屏東縣,134704,縣立仁和國小_校本部校區,縣立仁和國小,duplicate data,120.5113754,國小,屏東縣林邊鄉仁和村中山路417號,22.43740463,校本部校區
﻿林邊鄉,屏東縣,134705,縣立竹林國小_校本部校區,縣立竹林國小,duplicate data,120.5331726,國小,屏東縣林邊鄉竹林村中興路122號,22.46402931,校本部校區
﻿林邊鄉,屏東縣,134706,縣立崎峰國小_校本部校區,縣立崎峰國小,duplicate data,120.5125046,國小,92746 屏東縣林邊鄉崎峰村裕後路2號,22.4414959,校本部校區
﻿南州鄉,屏東縣,134708,縣立南州國小_校本部校區,縣立南州國小,duplicate data,120.5063553,國小,屏東縣南州鄉溪南村人和路191號,22.48847198,校本部校區
﻿南州鄉,屏東縣,134709,縣立同安國小_校本部校區,縣立同安國小,duplicate data,120.5216904,國小,屏東縣南州鄉同安村同安路79號,22.47294235,校本部校區
﻿佳冬鄉,屏東縣,134715,縣立大新國小_校本部校區,縣立大新國小,duplicate data,120.5400543,國小,屏東縣佳冬鄉大同村武丁路33號,22.45034027,校本部校區
﻿霧台鄉,屏東縣,134748,縣立霧臺國小_校本部校區,縣立霧臺國小,wrong town name,120.7311783,國小,屏東縣霧臺鄉霧台村5鄰中山巷45號,22.7451973,校本部校區
﻿來義鄉,屏東縣,134757,縣立南和國小_校本部校區,縣立南和國小,duplicate data,120.6426239,國小,屏東縣來義鄉南和村51號,22.43585777,校本部校區
﻿屏東市,屏東縣,134772,縣立信義國小_校本部校區,縣立信義國小,duplicate data,120.4919662,國小,屏東縣屏東市信義路262號,22.68528366,校本部校區
﻿東港鎮,屏東縣,134779,縣立東興國小_校本部校區,縣立東興國小,duplicate data,120.4657211,國小,屏東縣東港鎮興東里興東路43-1號,22.47840118,校本部校區
﻿里港鄉,屏東縣,134781,縣立玉田國小_校本部校區,縣立玉田國小,duplicate data,120.4912033,國小,屏東縣里港鄉玉田村八德路91號,22.77429771,校本部校區
﻿屏東市,屏東縣,134786,縣立民生國小_校本部校區,縣立民生國小,duplicate data,120.5131683,國小,屏東縣屏東市瑞光里安心四橫巷139-1號,22.66213036,校本部校區
﻿臺東市,臺東縣,144601,縣立仁愛國小_校本部校區,縣立仁愛國小,duplicate data,121.1588593,國小,臺東縣臺東市四維路一段400號,22.75735283,校本部校區
﻿臺東市,臺東縣,144602,縣立復興國小_校本部校區,縣立復興國小,duplicate data,121.1514511,國小,臺東縣臺東市鐵花路87巷55號,22.74712753,校本部校區
﻿臺東市,臺東縣,144603,縣立光明國小_校本部校區,縣立光明國小,duplicate data,121.1292572,國小,臺東縣臺東市中興路二段150巷29弄1號,22.76869011,校本部校區
﻿臺東市,臺東縣,144607,縣立豐榮國小_校本部校區,縣立豐榮國小,duplicate data,121.1368027,國小,臺東縣臺東市中華路二段154巷150號,22.74736786,校本部校區
﻿臺東市,臺東縣,144617,縣立豐田國小_校本部校區,縣立豐田國小,duplicate data,121.0863647,國小,臺東縣臺東市中興路四段750號,22.77483749,校本部校區
﻿臺東市,臺東縣,144619,縣立新園國小_校本部校區,縣立新園國小,duplicate data,121.062355,國小,臺東縣臺東市新園路88號,22.76506615,校本部校區
﻿卑南鄉,臺東縣,144627,縣立大南國小_校本部校區,縣立大南國小,duplicate data,121.0430374,國小,臺東縣卑南鄉東興村東園一街40號,22.76492691,校本部校區
﻿卑南鄉,臺東縣,144628,縣立太平國小_校本部校區,縣立太平國小,duplicate data,121.0762711,國小,臺東縣卑南鄉泰安村6號,22.79106903,校本部校區
﻿太麻里鄉,臺東縣,144632,縣立三和國小_校本部校區,縣立三和國小,duplicate data,121.0373764,國小,臺東縣太麻里鄉三和村漁場94號,22.67237473,校本部校區
﻿太麻里鄉,臺東縣,144635,縣立大溪國小_校本部校區,縣立大溪國小,duplicate data,120.9405746,國小,臺東縣太麻里鄉多良村十五鄰大溪85號,22.46185493,校本部校區
﻿綠島鄉,臺東縣,144641,縣立公館國小_校本部校區,縣立公館國小,duplicate data,121.4930267,國小,臺東縣綠島鄉公館村8鄰98號,22.67455101,校本部校區
﻿鹿野鄉,臺東縣,144644,縣立永安國小_校本部校區,縣立永安國小,duplicate data,121.1283493,國小,臺東縣鹿野鄉永安村鹿寮路31號,22.93362045,校本部校區
﻿關山鎮,臺東縣,144648,縣立月眉國小_校本部校區,縣立月眉國小,duplicate data,121.1484833,國小,臺東縣關山鎮月眉里盛豐路二鄰1號,23.00938416,校本部校區
﻿池上鄉,臺東縣,144653,縣立萬安國小_校本部校區,縣立萬安國小,duplicate data,121.21875,國小,臺東縣池上鄉萬安村一鄰5-2號,23.09527397,校本部校區
﻿東河鄉,臺東縣,144655,縣立東河國小_校本部校區,縣立東河國小,duplicate data,121.30439,國小,臺東縣東河鄉東河村16鄰35號,22.97104073,校本部校區
﻿成功鎮,臺東縣,144662,縣立三民國小_校本部校區,縣立三民國小,duplicate data,121.3716583,國小,臺東縣成功鎮三民路18號,23.10140038,校本部校區
﻿成功鎮,臺東縣,144663,縣立成功國小_校本部校區,縣立成功國小,duplicate data,121.383316,國小,臺東縣成功鎮太平路28號,23.10209465,校本部校區
﻿成功鎮,臺東縣,144664,縣立信義國小_校本部校區,縣立信義國小,duplicate data,121.3307343,國小,臺東縣成功鎮信義里都歷路58號,23.0262661,校本部校區
﻿成功鎮,臺東縣,144666,縣立和平國小_校本部校區,縣立和平國小,duplicate data,121.3523102,國小,臺東縣成功鎮和平里跋邊路24號,23.0751667,校本部校區
﻿成功鎮,臺東縣,144667,縣立忠孝國小_校本部校區,縣立忠孝國小,duplicate data,121.3999786,國小,臺東縣成功鎮忠孝里成廣路8號,23.15704918,校本部校區
﻿成功鎮,臺東縣,144668,縣立博愛國小_校本部校區,縣立博愛國小,duplicate data,121.3959351,國小,臺東縣成功鎮博愛里重安路2號,23.19137383,校本部校區
﻿金峰鄉,臺東縣,144678,縣立新興國小_校本部校區,縣立新興國小,duplicate data,121.00383,國小,臺東縣金峰鄉新興村一鄰1號,22.63123894,校本部校區
﻿達仁鄉,臺東縣,144681,縣立土?國小_校本部校區,縣立土?國小,special value,120.8875122,國小,臺東縣達仁鄉土?村1鄰10號,22.45355415,校本部校區
﻿達仁鄉,臺東縣,144683,縣立臺?國小_校本部校區,縣立臺?國小,special value,120.907608,國小,臺東縣達仁鄉台?村十鄰59號之1,22.47740936,校本部校區
﻿延平鄉,臺東縣,144689,縣立桃源國小_校本部校區,縣立桃源國小,duplicate data,121.0837326,國小,臺東縣延平鄉桃源村昇平路4鄰84號,22.90259743,校本部校區
﻿海端鄉,臺東縣,144698,縣立錦屏國小_校本部校區,縣立錦屏國小,duplicate data,121.1761475,國小,957臺東縣海端鄉廣原村錦屏1號,23.13220596,校本部校區
﻿臺東市,臺東縣,144701,縣立東海國小_校本部校區,縣立東海國小,duplicate data,121.1402817,國小,臺東縣臺東市長沙街329號,22.7525692,校本部校區
﻿東河鄉,臺東縣,144703,縣立興隆國小_校本部校區,縣立興隆國小,duplicate data,121.2484283,國小,臺東縣東河鄉興昌村155號,22.89520073,校本部校區
﻿花蓮市,花蓮縣,154601,縣立明禮國小_校本部校區,縣立明禮國小,duplicate data,121.6105576,國小,970花蓮縣花蓮市明禮路6號,23.98002434,校本部校區
﻿花蓮市,花蓮縣,154605,縣立中正國小_校本部校區,縣立中正國小,duplicate data,121.5997086,國小,花蓮縣花蓮市中正路210號,23.97168922,校本部校區
﻿花蓮市,花蓮縣,154606,縣立信義國小_校本部校區,縣立信義國小,duplicate data,121.6062241,國小,花蓮縣花蓮市主計里信義街1號,23.97114372,校本部校區
﻿花蓮市,花蓮縣,154607,縣立復興國小_校本部校區,縣立復興國小,duplicate data,121.6193008,國小,970  花蓮縣花蓮市府前路682號,24.00671196,校本部校區
﻿花蓮市,花蓮縣,154610,縣立忠孝國小_校本部校區,縣立忠孝國小,duplicate data,121.5986404,國小,花蓮縣花蓮市中華路298號,23.97564888,校本部校區
﻿新城鄉,花蓮縣,154614,縣立新城國小_校本部校區,縣立新城國小,duplicate data,121.6514816,國小,97161花蓮縣新城鄉新城村博愛路30號,24.12793541,校本部校區
﻿新城鄉,花蓮縣,154616,縣立康樂國小_校本部校區,縣立康樂國小,duplicate data,121.6077805,國小,花蓮縣新城鄉康樂村康樂1街38號,24.05250359,校本部校區
﻿吉安鄉,花蓮縣,154622,縣立光華國小_校本部校區,縣立光華國小,duplicate data,121.5791397,國小,花蓮縣吉安鄉光華村光華二街180號,23.93544006,校本部校區
﻿吉安鄉,花蓮縣,154623,縣立南華國小_校本部校區,縣立南華國小,duplicate data,121.5474854,國小,花蓮縣吉安鄉干城村吉安路六段60號,23.94841003,校本部校區
﻿壽豐鄉,花蓮縣,154630,縣立平和國小_校本部校區,縣立平和國小,duplicate data,121.519371,國小,花蓮縣壽豐鄉平和村平和路34號,23.88406181,校本部校區
﻿壽豐鄉,花蓮縣,154631,縣立溪口國小_校本部校區,縣立溪口國小,duplicate data,121.4735413,國小,花蓮縣壽豐鄉溪口村溪口路87號,23.81955338,校本部校區
﻿壽豐鄉,花蓮縣,154632,縣立月眉國小_校本部校區,縣立月眉國小,duplicate data,121.5565567,國小,花蓮縣壽豐鄉月眉村三段24號,23.86839676,校本部校區
﻿鳳林鎮,花蓮縣,154636,縣立大榮國小_校本部校區,縣立大榮國小,duplicate data,121.4683685,國小,花蓮縣鳳林鎮大榮里復興路85號,23.75419426,校本部校區
﻿光復鄉,花蓮縣,154643,縣立光復國小_校本部校區,縣立光復國小,duplicate data,121.427002,國小,花蓮縣光復鄉大馬村中山路三段75號,23.67370605,校本部校區
﻿光復鄉,花蓮縣,154648,縣立大進國小_校本部校區,縣立大進國小,duplicate data,121.419281,國小,花蓮縣光復鄉大進村糖廠街4號,23.65488243,校本部校區
﻿瑞穗鄉,花蓮縣,154652,縣立鶴岡國小_校本部校區,縣立鶴岡國小,duplicate data,121.3903809,國小,花蓮縣瑞穗鄉鶴岡村167號,23.52288628,校本部校區
﻿豐濱鄉,花蓮縣,154658,縣立新社國小_校本部校區,縣立新社國小,duplicate data,121.5358124,國小,花蓮縣豐濱鄉新社村150號,23.6517601,校本部校區
﻿玉里鎮,花蓮縣,154667,縣立春日國小_校本部校區,縣立春日國小,duplicate data,121.3930283,國小,花蓮縣玉里鎮春日里泰林95號,23.45205879,校本部校區
﻿玉里鎮,花蓮縣,154669,縣立三民國小_校本部校區,縣立三民國小,duplicate data,121.3483582,國小,花蓮縣玉里鎮三民里118號,23.43033791,校本部校區
﻿富里鄉,花蓮縣,154678,縣立永豐國小_校本部校區,縣立永豐國小,duplicate data,121.2666168,國小,花蓮縣富里鄉豐南村永豐84號,23.15478134,校本部校區
﻿秀林鄉,花蓮縣,154681,縣立秀林國小_校本部校區,縣立秀林國小,duplicate data,121.6246033,國小,花蓮縣秀林鄉秀林村秀林路12鄰76號,24.11761284,校本部校區
﻿秀林鄉,花蓮縣,154684,縣立和平國小_校本部校區,縣立和平國小,duplicate data,121.74897,國小,花蓮縣秀林鄉和平村112號,24.30819511,校本部校區
﻿萬榮鄉,花蓮縣,154697,縣立紅葉國小_校本部校區,縣立紅葉國小,duplicate data,121.3454742,國小,花蓮縣萬榮鄉紅葉村一鄰四號,23.49433327,校本部校區
﻿卓溪鄉,花蓮縣,154701,縣立太平國小_校本部校區,縣立太平國小,duplicate data,121.3202057,國小,花蓮縣卓溪鄉太平村一鄰2號,23.40565491,校本部校區
﻿光復鄉,花蓮縣,154708,縣立大興國小_校本部校區,縣立大興國小,duplicate data,121.3981552,國小,花蓮縣光復鄉大興村民權街17號,23.63232994,校本部校區
﻿花蓮市,花蓮縣,154711,縣立中原國小_校本部校區,縣立中原國小,duplicate data,121.5964508,國小,花蓮縣花蓮市中原路531號,23.97176361,校本部校區
﻿馬公市,澎湖縣,164602,縣立中正國小_校本部校區,縣立中正國小,duplicate data,119.5655899,國小,澎湖縣馬公市民生路38號,23.56835747,校本部校區
﻿馬公市,澎湖縣,164603,縣立中興國小_校本部校區,縣立中興國小,duplicate data,119.5745621,國小,澎湖縣馬公市光復路186號,23.5748806,校本部校區
﻿馬公市,澎湖縣,164604,縣立中山國小_校本部校區,縣立中山國小,duplicate data,119.5824661,國小,澎湖縣馬公市案山里大案山25之6號,23.55677795,校本部校區
﻿湖西鄉,澎湖縣,164614,縣立成功國小_校本部校區,縣立成功國小,duplicate data,119.6219025,國小,澎湖縣湖西鄉成功村1之4號,23.57638741,校本部校區
﻿湖西鄉,澎湖縣,164616,縣立湖西國小_校本部校區,縣立湖西國小,duplicate data,119.6621857,國小,澎湖縣湖西鄉湖西村151號,23.58433533,校本部校區
﻿白沙鄉,澎湖縣,164629,縣立後寮國小_校本部校區,縣立後寮國小,duplicate data,119.5692291,國小,澎湖縣白沙鄉後寮村218號,23.66330719,校本部校區
﻿馬公市,澎湖縣,164646,縣立文光國小_校本部校區,縣立文光國小,duplicate data,119.5690536,國小,澎湖縣馬公市光榮里三多路450號,23.57619095,校本部校區
﻿馬公市,澎湖縣,164646,縣立文光國小_校本部校區,縣立文光國小,duplicate data,119.5693512,國小,澎湖縣馬公市光榮里三多路450號,23.57625389,校本部校區
﻿馬公市,澎湖縣,1.64E+23,縣立中正國小補校,縣立中正國小補校,duplicate data,119.5655212,國小,澎湖縣馬公市中興里民生路38號,23.56838417,
﻿中正區,基隆市,173601,市立中正國小_校本部校區,市立中正國小,duplicate data,121.7511215,國小,基隆市中正區中船路36巷4號,25.13568687,校本部校區
﻿中正區,基隆市,173604,市立和平國小_校本部校區,市立和平國小,duplicate data,121.7660904,國小,基隆市中正區和一路84巷26號,25.15564919,校本部校區
﻿信義區,基隆市,173607,市立中興國小_校本部校區,市立中興國小,duplicate data,121.7571869,國小,基隆市信義區信二路40號,25.13033485,校本部校區
﻿信義區,基隆市,173609,市立月眉國小_校本部校區,市立月眉國小,duplicate data,121.756752,國小,基隆市信義區月眉路250巷22號,25.12479782,校本部校區
﻿仁愛區,基隆市,173612,市立信義國小_校本部校區,市立信義國小,duplicate data,121.7467957,國小,基隆市仁愛區仁二路135號,25.12749672,校本部校區
﻿仁愛區,基隆市,173613,市立成功國小_校本部校區,市立成功國小,duplicate data,121.7384644,國小,基隆市仁愛區獅球路6號,25.1258297,校本部校區
﻿中山區,基隆市,173619,市立中和國小_校本部校區,市立中和國小,duplicate data,121.7202682,國小,基隆市中山區中和路64號,25.14653587,校本部校區
﻿中山區,基隆市,173621,市立中山國小_校本部校區,市立中山國小,duplicate data,121.7362976,國小,基隆市中山區通仁街28號,25.14620209,校本部校區
﻿七堵區,基隆市,173628,市立五堵國小_基隆市七堵區五堵國民小學,市立五堵國小,duplicate data,121.694252,國小,基隆市七堵區百一街25號,25.07961273,基隆市七堵區五堵國民小學
﻿七堵區,基隆市,173631,市立復興國小_校本部校區,市立復興國小,duplicate data,121.6653595,國小,基隆市七堵區華新二路21號,25.10723114,校本部校區
﻿安樂區,基隆市,173633,市立建德國小_校本部校區,市立建德國小,duplicate data,121.7220764,國小,基隆市安樂區安和一街392號,25.12487602,校本部校區
﻿七堵區,基隆市,173639,市立長興國小_校本部校區,市立長興國小,duplicate data,121.7140884,國小,基隆市七堵區東新街3號,25.0925293,校本部校區
﻿北區,新竹市,183602,市立北門國小_校本部校區,市立北門國小,duplicate data,120.9659882,國小,新竹市水田街33號,24.81357956,校本部校區
﻿東區,新竹市,183604,市立東門國小_校本部校區,市立東門國小,duplicate data,120.972496,國小,新竹市東區民族路33號,24.80568123,校本部校區
﻿北區,新竹市,183605,市立西門國小_校本部校區,市立西門國小,duplicate data,120.9595032,國小,新竹市北區西門國民小學,24.80264473,校本部校區
﻿東區,新竹市,183607,市立東園國小_校本部校區,市立東園國小,duplicate data,120.9856491,國小,新竹市東區園後街25號,24.7999382,校本部校區
﻿東區,新竹市,183608,市立三民國小_校本部校區,市立三民國小,duplicate data,120.9814529,國小,新竹市東區自由路66號,24.81263924,校本部校區
﻿東區,新竹市,183609,市立龍山國小_校本部校區,市立龍山國小,duplicate data,121.0074615,國小,新竹市光復路一段574號,24.78927422,校本部校區
﻿東區,新竹市,183613,市立建功國小_校本部校區,市立建功國小,duplicate data,120.9986343,國小,新竹市建功一路104巷22號,24.80049133,校本部校區
﻿東區,新竹市,183614,市立水源國小_校本部校區,市立水源國小,duplicate data,121.0032349,國小,新竹市東區仰德路11號,24.81296921,校本部校區
﻿香山區,新竹市,183619,市立茄苳國小_校本部校區,市立茄苳國小,duplicate data,120.9460678,國小,新竹市香山區茄苳里茄苳路70號,24.75575447,校本部校區
﻿香山區,新竹市,183621,市立大湖國小_校本部校區,市立大湖國小,duplicate data,120.9334106,國小,新竹市香山區五福路1段530號,24.74597168,校本部校區
﻿香山區,新竹市,183625,市立頂埔國小_校本部校區,市立頂埔國小,duplicate data,120.9501648,國小,新竹市香山區頂埔路23號,24.79769707,校本部校區
﻿北區,新竹市,1.83E+09,市立西門國小補校,市立西門國小補校,duplicate data,120.9582062,國小,新竹市北區北大路450號,24.80280495,
﻿西區,臺中市,193608,市立忠孝國小_校本部校區,市立忠孝國小,duplicate data,120.6736603,國小,臺中市西區三民路一段171號,24.13781357,校本部校區
﻿西區,臺中市,193610,市立大同國小_校本部校區,市立大同國小,duplicate data,120.6782532,國小,臺中市西區自由路一段138號,24.13564301,校本部校區
﻿南區,臺中市,193614,市立國光國小_校本部校區,市立國光國小,duplicate data,120.6802368,國小,臺中市南區國光路261號,24.12541771,校本部校區
﻿南區,臺中市,193615,市立信義國小_校本部校區,市立信義國小,duplicate data,120.6685562,國小,臺中市南區五權南路325號,24.1216011,校本部校區
﻿西屯區,臺中市,193623,市立大鵬國小_校本部校區,市立大鵬國小,duplicate data,120.6653976,國小,臺中市西屯區中平路268號,24.17730522,校本部校區
﻿南屯區,臺中市,193629,市立文山國小_校本部校區,市立文山國小,duplicate data,120.6147614,國小,臺中市南屯區忠勇路97號,24.14919472,校本部校區
﻿北屯區,臺中市,193639,市立建功國小_校本部校區,市立建功國小,duplicate data,120.7154465,國小,臺中市北屯區軍和街43號,24.17595863,校本部校區
﻿北屯區,臺中市,193641,市立仁愛國小_校本部校區,市立仁愛國小,duplicate data,120.671524,國小,406 臺中市北屯區四平路71號,24.18020439,校本部校區
﻿西區,臺中市,193644,市立大勇國小_校本部校區,市立大勇國小,duplicate data,120.6577988,國小,臺中市西區大勇國民小學,24.13449287,校本部校區
﻿西屯區,臺中市,193645,市立重慶國小_校本部校區,市立重慶國小,duplicate data,120.6637802,國小,台中市西屯區重慶路358號,24.17045021,校本部校區
﻿北屯區,臺中市,193648,市立四維國小_校本部校區,市立四維國小,duplicate data,120.6949539,國小,臺中市北屯區文心路四段956號,24.17045403,校本部校區
﻿南屯區,臺中市,193652,市立大新國小_校本部校區,市立大新國小,duplicate data,120.6469803,國小,臺中市南屯區文心路一段280號,24.1458683,校本部校區
﻿北屯區,臺中市,193658,市立東光國小_校本部校區,市立東光國小,duplicate data,120.7017288,國小,臺中市北屯區東光路926號,24.17181015,校本部校區
﻿北屯區,臺中市,193660,市立仁美國小_校本部校區,市立仁美國小,duplicate data,120.686821,國小,臺中市北屯區崇德路三段568號,24.19223404,校本部校區
﻿西屯區,臺中市,193661,市立長安國小_校本部校區,市立長安國小,duplicate data,120.6531372,國小,臺中市西屯區櫻花路18號,24.1694088,校本部校區
﻿西屯區,臺中市,193662,市立惠來國小_惠來國小,市立惠來國小,duplicate data,120.6491928,國小,臺中市西屯區文中路168號,24.16459656,惠來國小
﻿西區,嘉義市,203606,市立大同國小_校本部校區,市立大同國小,duplicate data,120.4456329,國小,嘉義市西區成功街15號,23.47213936,校本部校區
﻿東區,嘉義市,203610,市立林森國小_校本部校區,市立林森國小,duplicate data,120.4665985,國小,嘉義市東區林森東路346號,23.48946953,校本部校區
﻿東區,臺南市,213602,市立博愛國小_校本部校區,市立博愛國小,duplicate data,120.2136993,國小,臺南市東區圍下里前鋒路100號,22.99281883,校本部校區
﻿東區,臺南市,213604,市立東光國小_校本部校區,市立東光國小,duplicate data,120.2302399,國小,臺南市東區東光路一段39號,22.99142838,校本部校區
﻿北區,臺南市,213616,市立立人國小_校本部校區,市立立人國小,duplicate data,120.2012787,國小,臺南市北區西門路三段41號,23.00123215,校本部校區
﻿中西區,臺南市,213621,市立永福國小_校本部校區,市立永福國小,duplicate data,120.2017441,國小,臺南市中西區永福路二段86號,22.99281502,校本部校區
﻿中西區,臺南市,213622,市立忠義國小_校本部校區,市立忠義國小,duplicate data,120.2036133,國小,臺南市中西區永華里忠義路二段2號,22.99010086,校本部校區
﻿安平區,臺南市,213624,市立石門國小_校本部校區,市立石門國小,duplicate data,120.1662674,國小,臺南市安平區石門里安平路700號,22.9996376,校本部校區
﻿安南區,臺南市,213630,市立土城國小_校本部校區,市立土城國小,duplicate data,120.1302109,國小,臺南市安南區城東里城北路195號,23.06575775,校本部校區
﻿安南區,臺南市,213634,市立長安國小_校本部校區,市立長安國小,duplicate data,120.1971817,國小,臺南市安南區長溪街三段249號,23.06484985,校本部校區
﻿松山區,臺北市,313605,市立民生國小_校本部校區,市立民生國小,duplicate data,121.5520248,國小,臺北市松山區敦化北路199巷18號,25.05648994,校本部校區
﻿松山區,臺北市,313608,市立三民國小_校本部校區,市立三民國小,duplicate data,121.5642624,國小,臺北市松山區莊敬里民權東路五段1號,25.06325531,校本部校區
﻿信義區,臺北市,323602,市立永春國小_校本部校區,市立永春國小,duplicate data,121.5793228,國小,臺北市信義區永春里松山路225巷48號,25.04411316,校本部校區
﻿信義區,臺北市,323603,市立光復國小_校本部校區,市立光復國小,duplicate data,121.5578003,國小,臺北市信義區光復南路271號,25.04022408,校本部校區
﻿信義區,臺北市,323605,市立信義國小_校本部校區,市立信義國小,duplicate data,121.5632095,國小,臺北市信義區松勤街60號,25.03181458,校本部校區
﻿信義區,臺北市,323608,市立永吉國小_校本部校區,市立永吉國小,duplicate data,121.5792694,國小,臺北市信義區永春里松山路287巷5號,25.04322243,校本部校區
﻿信義區,臺北市,323609,市立博愛國小_校本部校區,市立博愛國小,duplicate data,121.5711365,國小,臺北市信義區松仁路22鄰95巷20號,25.03644371,校本部校區
﻿大安區,臺北市,333601,市立龍安國小_校本部校區,市立龍安國小,duplicate data,121.5348282,國小,臺北市大安區龍門里新生南路3段33號,25.02393341,校本部校區
﻿大安區,臺北市,333602,市立大安國小_校本部校區,市立大安國小,duplicate data,121.5496292,國小,臺北市大安區芳和里臥龍街129號,25.01948929,校本部校區
﻿大安區,臺北市,333604,市立建安國小_校本部校區,市立建安國小,duplicate data,121.5461273,國小,臺北市大安區龍雲里大安路2段99號,25.02936745,校本部校區
﻿大安區,臺北市,333605,市立仁愛國小_校本部校區,市立仁愛國小,duplicate data,121.5523682,國小,臺北市大安區敦安里安和路1段60號,25.03577423,校本部校區
﻿大安區,臺北市,333610,市立新生國小_校本部校區,市立新生國小,duplicate data,121.5336227,國小,臺北市大安區新生南路二段36號,25.02981949,校本部校區
﻿中山區,臺北市,343601,市立中山國小_校本部校區,市立中山國小,duplicate data,121.5262985,國小,臺北市中山區恆安里民權東路1段69號,25.06289482,校本部校區
﻿中山區,臺北市,343603,市立長安國小_校本部校區,市立長安國小,duplicate data,121.5301666,國小,臺北市中山區興亞里吉林路15號,25.04973984,校本部校區
﻿中山區,臺北市,343610,市立永安國小_校本部校區,市立永安國小,duplicate data,121.5495758,國小,臺北市中山區明水路397巷19弄1號,25.07935143,校本部校區
﻿中正區,臺北市,353603,市立忠義國小_校本部校區,市立忠義國小,duplicate data,121.5057907,國小,臺北市中正區中華路二段307巷17號,25.02976799,校本部校區
﻿中正區,臺北市,353605,市立南門國小_校本部校區,市立南門國小,duplicate data,121.509079,國小,臺北市中正區南門里廣州街6號,25.03521156,校本部校區
﻿中正區,臺北市,353606,市立東門國小_校本部校區,市立東門國小,duplicate data,121.5206451,國小,臺北市中正區東門里仁愛路一段2號之4,25.03802299,校本部校區
﻿中正區,臺北市,353607,市立忠孝國小_校本部校區,市立忠孝國小,duplicate data,121.5314789,國小,臺北市中正區梅花里忠孝東路2段101號,25.04303932,校本部校區
﻿大同區,臺北市,363603,市立太平國小_校本部校區,市立太平國小,duplicate data,121.5114288,國小,臺北市大同區南芳里延平北路2段239號,25.0613575,校本部校區
﻿大同區,臺北市,363606,市立大同國小_校本部校區,市立大同國小,duplicate data,121.5160828,國小,臺北市大同區蓬萊里大龍街51號,25.06477165,校本部校區
﻿大同區,臺北市,363608,市立延平國小_校本部校區,市立延平國小,duplicate data,121.5123825,國小,臺北市大同區至聖里大龍街187巷1號,25.06601524,校本部校區
﻿萬華區,臺北市,373601,市立新和國小_校本部校區,市立新和國小,duplicate data,121.5033188,國小,臺北市萬華區西藏路125巷31號,25.02598763,校本部校區
﻿萬華區,臺北市,373603,市立東園國小_校本部校區,市立東園國小,duplicate data,121.4978485,國小,臺北市萬華區全德里東園街195號,25.02312279,校本部校區
﻿萬華區,臺北市,373608,市立西門國小_校本部校區,市立西門國小,duplicate data,121.5036469,國小,臺北市萬華區西門里成都路98號,25.04286575,校本部校區
﻿文山區,臺北市,383608,市立木柵國小_校本部校區,市立木柵國小,duplicate data,121.5695572,國小,臺北市文山區木柵里木柵路3段191號,24.99091721,校本部校區
﻿文山區,臺北市,383610,市立實踐國小_校本部校區,市立實踐國小,duplicate data,121.5575485,國小,臺北市文山區樟文里忠順街1段4號,24.98364639,校本部校區
﻿文山區,臺北市,383615,市立力行國小_校本部校區,市立力行國小,duplicate data,121.5609818,國小,臺北市文山區樟腳里木新路3段155巷7號,24.98090172,校本部校區
﻿文山區,臺北市,383618,市立興華國小_校本部校區,市立興華國小,duplicate data,121.559288,國小,臺北市文山區興光里8鄰興隆路3段125巷6號,24.99959564,校本部校區
﻿南港區,臺北市,393606,市立東新國小_校本部校區,市立東新國小,duplicate data,121.6020279,國小,臺北市南港區東新里興南街62號,25.05617523,校本部校區
﻿南港區,臺北市,393607,市立修德國小_校本部校區,市立修德國小,duplicate data,121.5896225,國小,臺北市南港區東新街118巷86號,25.04552841,校本部校區
﻿內湖區,臺北市,403601,市立內湖國小_校本部校區,市立內湖國小,duplicate data,121.5801926,國小,臺北市內湖區港富里內湖路二段41號,25.07908058,校本部校區
﻿內湖區,臺北市,403611,市立大湖國小_校本部校區,市立大湖國小,duplicate data,121.6003418,國小,臺北市內湖區大湖里大湖山莊街170號,25.08814621,校本部校區
﻿士林區,臺北市,413605,市立社子國小_校本部校區,市立社子國小,duplicate data,121.5029221,國小,臺北市士林區永倫里延平北路六段308號,25.08978271,校本部校區
﻿士林區,臺北市,413610,市立平等國小_校本部校區,市立平等國小,duplicate data,121.5762939,國小,臺北市士林區平等里平菁街101號,25.12905121,校本部校區
﻿士林區,臺北市,413612,市立雙溪國小_校本部校區,市立雙溪國小,duplicate data,121.5647049,國小,臺北市士林區翠山里中社路2段66號,25.10639381,校本部校區
﻿士林區,臺北市,413616,市立文昌國小_校本部校區,市立文昌國小,duplicate data,121.5208893,國小,臺北市士林區文林路615巷20號,25.09959602,校本部校區
﻿北投區,臺北市,423610,市立桃源國小_校本部校區,市立桃源國小,duplicate data,121.4844894,國小,臺北市北投區中央北路3段40巷45號,25.13962555,校本部校區
﻿北投區,臺北市,423611,市立文林國小_校本部校區,市立文林國小,duplicate data,121.5147171,國小,臺北市北投區建民里文林北路155號,25.10590935,校本部校區
﻿北投區,臺北市,423612,市立義方國小_校本部校區,市立義方國小,duplicate data,121.5092545,國小,臺北市北投區珠海路155號,25.14201736,校本部校區
﻿北投區,臺北市,423616,市立文化國小_校本部校區,市立文化國小,duplicate data,121.4966583,國小,臺北市北投區文化里文化三路1號,25.1370697,校本部校區
﻿鹽埕區,高雄市,513603,市立光榮國小_校本部校區,市立光榮國小,duplicate data,120.2873001,國小,高雄市鹽埕區大智路150號,22.62361526,校本部校區
﻿鼓山區,高雄市,523605,市立壽山國小_校本部校區,市立壽山國小,duplicate data,120.2797852,國小,804高雄市鼓山區鼓山二路37巷38弄24號,22.63255501,校本部校區
﻿鼓山區,高雄市,5.23E+03,市立鼓山國小補校,市立鼓山國小補校,duplicate data,120.271347,國小,高雄市鼓山區臨海二路50號,22.62348747,
﻿鼓山區,高雄市,5.23E+06,市立中山國小補校,市立中山國小補校,duplicate data,120.2850418,國小,高雄市鼓山區雄峰路18號,22.66909409,
﻿左營區,高雄市,533603,市立新莊國小_校本部校區,市立新莊國小,duplicate data,120.3099289,國小,高雄市左營區新中里自由三路1號,22.66975975,校本部校區
﻿左營區,高雄市,533604,市立新民國小_校本部校區,市立新民國小,duplicate data,120.3130951,國小,高雄市左營區自由三路478號,22.67667389,校本部校區
﻿左營區,高雄市,533605,市立明德國小_校本部校區,市立明德國小,duplicate data,120.2893295,國小,高雄市左營區海富路2號,22.68809128,校本部校區
﻿左營區,高雄市,533610,市立福山國小_校本部校區,市立福山國小,duplicate data,120.3173294,國小,高雄市左營區重愛路99號,22.68369865,校本部校區
﻿左營區,高雄市,533612,市立新光國小_校本部校區,市立新光國小,duplicate data,120.3047409,國小,高雄市左營區華夏路800號,22.67981148,校本部校區
﻿楠梓區,高雄市,543605,市立莒光國小_校本部校區,市立莒光國小,duplicate data,120.2952576,國小,高雄市楠梓區後昌路842號,22.71162605,校本部校區
﻿三民區,高雄市,553601,市立三民國小_校本部校區,市立三民國小,duplicate data,120.2910767,國小,高雄市三民區建國三路216號,22.63666534,校本部校區
﻿三民區,高雄市,553606,市立博愛國小_校本部校區,市立博愛國小,duplicate data,120.3070068,國小,高雄市三民區十全一路202號,22.6456356,校本部校區
﻿三民區,高雄市,553609,市立莊敬國小_校本部校區,市立莊敬國小,duplicate data,120.3241348,國小,高雄市三民區大昌一路200號,22.6563282,校本部校區
﻿三民區,高雄市,553611,市立東光國小_校本部校區,市立東光國小,duplicate data,120.3397217,國小,高雄市三民區黃興路206號,22.64904404,校本部校區
﻿三民區,高雄市,553613,市立陽明國小_校本部校區,市立陽明國小,duplicate data,120.3355484,國小,高雄市三民區義德路52號,22.64530754,校本部校區
﻿新興區,高雄市,563602,市立大同國小_校本部校區,市立大同國小,duplicate data,120.2983856,國小,高雄市新興區大同一路231號,22.6279335,校本部校區
﻿新興區,高雄市,563603,市立信義國小_校本部校區,市立信義國小,duplicate data,120.310936,國小,高雄市新興區中正三路32號,22.63159943,校本部校區
﻿前金區,高雄市,573602,市立建國國小_校本部校區,市立建國國小,duplicate data,120.2977982,國小,高雄市前金區自立二路111號,22.63235664,校本部校區
﻿苓雅區,高雄市,583603,市立五權國小_校本部校區,市立五權國小,duplicate data,120.3241043,國小,高雄市苓雅區三多二路100號,22.62060165,校本部校區
﻿苓雅區,高雄市,583605,市立四維國小_校本部校區,市立四維國小,duplicate data,120.3134842,國小,高雄市苓雅區青年一路103號,22.6227169,校本部校區
﻿苓雅區,高雄市,5.83E+11,市立中正國小補校,市立中正國小補校,duplicate data,120.3330154,國小,高雄市苓雅區輔仁路100號,22.62875748,
﻿前鎮區,高雄市,593603,市立仁愛國小_校本部校區,市立仁愛國小,duplicate data,120.3173141,國小,806 高雄市前鎮區新衙路93號,22.5819931,校本部校區
﻿前鎮區,高雄市,593606,市立復興國小_校本部校區,市立復興國小,duplicate data,120.3110809,國小,高雄市前鎮區民權二路331號,22.60838127,校本部校區
﻿前鎮區,高雄市,593607,市立瑞豐國小_校本部校區,市立瑞豐國小,duplicate data,120.3369598,國小,高雄市前鎮區瑞隆路100號,22.6060524,校本部校區
﻿前鎮區,高雄市,593608,市立明正國小_校本部校區,市立明正國小,duplicate data,120.3265152,國小,高雄市前鎮區明道路2號,22.58022499,校本部校區
﻿前鎮區,高雄市,593609,市立光華國小_校本部校區,市立光華國小,duplicate data,120.3205261,國小,高雄市前鎮區廣西路57號,22.61546135,校本部校區
﻿前鎮區,高雄市,593609,市立光華國小_校本部校區,市立光華國小,duplicate data,120.3201065,國小,高雄市前鎮區廣西路57號,22.61541748,校本部校區
﻿前鎮區,高雄市,593610,市立瑞祥國小_校本部校區,市立瑞祥國小,duplicate data,120.3267365,國小,高雄市前鎮區班超路20號,22.60067368,校本部校區
﻿旗津區,高雄市,603603,市立中洲國小_校本部校區,市立中洲國小,duplicate data,120.2945862,國小,高雄市旗津區旗津二路275號,22.57706451,校本部校區
﻿小港區,高雄市,613604,市立青山國小_校本部校區,市立青山國小,duplicate data,120.3607483,國小,高雄市小港區濟南里飛機路153號,22.57306671,校本部校區
﻿小港區,高雄市,613605,市立太平國小_校本部校區,市立太平國小,duplicate data,120.3716354,國小,高雄市小港區高松里營口路1號,22.57248116,校本部校區
﻿小港區,高雄市,613607,市立坪頂國小_校本部校區,市立坪頂國小,duplicate data,120.3921356,國小,高雄市小港區坪頂里大平路2號,22.56069183,校本部校區
﻿金湖鎮,金門縣,714601,縣立金湖國小_校本部校區,縣立金湖國小,duplicate data,118.415947,國小,金門縣金湖鎮新市里林森路12號,24.4432106,校本部校區
﻿金城鎮,金門縣,714603,縣立中正國小_校本部校區,縣立中正國小,duplicate data,118.3171997,國小,893 金門縣金城鎮珠浦北路38號,24.4348011,校本部校區
﻿金沙鎮,金門縣,714608,縣立多年國小_多年國小,縣立多年國小,duplicate data,118.4535675,國小,金門縣金沙鎮環島東路4段600號,24.45313835,多年國小
﻿金沙鎮,金門縣,714608,縣立多年國小_多年國小,縣立多年國小,duplicate data,118.4535675,國小,金門縣金沙鎮環島東路4段600號,24.45313835,多年國小
﻿南竿鄉,連江縣,724603,縣立仁愛國小_校本部校區,縣立仁愛國小,duplicate data,119.9257889,國小,連江縣南竿鄉仁愛村95號,26.14084053,校本部校區
﻿北竿鄉,連江縣,724604,北竿鄉塘岐國小_校本部校區,北竿鄉塘岐國小,duplicate data,119.997139,國小,連江縣北竿鄉塘岐村56號,26.22393799,校本部校區
﻿北竿鄉,連江縣,724605,連江縣北竿鄉?里國民小學_校本部校區,連江縣北竿鄉?里國民小學,special value,119.9743805,國小,連江縣北竿鄉?里村59號,26.2153492,校本部校區
﻿新店區,新北市,11605,私立康橋國(中)小_青山校區,私立康橋國(中)小,duplicate data,121.5177765,國小、國中,(青山校區)新北市新店區頂城五街80號,24.95332909,青山校區
﻿土城區,新北市,11607,私立裕德國(中)小_校本部校區,私立裕德國(中)小,duplicate data,121.1951065,國小、國中,新北市土城區擺接堡路1號,24.88208771,校本部校區
﻿烏來區,新北市,14684,市立烏來國(中)小_校本部校區,市立烏來國(中)小,duplicate data,121.5542221,國小、國中,新北市烏來區啦卡路5號,24.86303711,校本部校區
﻿貢寮區,新北市,14809,市立豐珠國(中)小_校本部校區,市立豐珠國(中)小,duplicate data,121.9015198,國小、國中,新北市貢寮區美豐里雞母嶺街6-6號,25.06580544,校本部校區
﻿汐止區,新北市,14811,市立青山國(中)小_校本部校區,市立青山國(中)小,duplicate data,121.6568451,國小、國中,新北市汐止區莊敬街33號,25.06071281,校本部校區
﻿新店區,新北市,14813,市立達觀國(中)小_校本部校區,市立達觀國(中)小,duplicate data,121.2115097,國小、國中,新北市新店區僑信路1號,24.88080406,校本部校區
﻿樹林區,新北市,14814,市立桃子腳國(中)小_校本部校區,市立桃子腳國(中)小,duplicate data,121.3828964,國小、國中,新北市樹林區學勤路555號,24.94891739,校本部校區
﻿頭城鎮,宜蘭縣,24698,縣立人文國(中)小_校本部校區,縣立人文國(中)小,duplicate data,121.8198547,國小、國中,宜蘭縣頭城鎮拔雅里文雅路150號,24.86090279,校本部校區
﻿桃園區,桃園市,31604,私立康萊爾國(中)小_校本部校區,私立康萊爾國(中)小,duplicate data,121.2975059,國小、國中,桃園市桃園區力行路288巷8號,25.00041708,校本部校區
﻿龜山區,桃園市,34751,市立迴龍國(中)小_校本部校區,市立迴龍國(中)小,duplicate data,121.4051056,國小、國中,桃園市龜山區萬壽路一段168號,25.01942635,校本部校區
﻿楊梅區,桃園市,34779,市立楊光國(中)小_校本部校區,市立楊光國(中)小,duplicate data,121.1687851,國小、國中,桃園市楊梅區瑞溪路1 段88號,24.90647697,校本部校區
﻿竹北市,新竹縣,41602,私立康乃薾國(中)小_校本部校區,私立康乃薾國(中)小,duplicate data,121.0361328,國小、國中,新竹縣竹北市六家一路二段115號,24.80524063,校本部校區
﻿通霄鎮,苗栗縣,54645,縣立福興武術國(中)小_校本部校區,縣立福興武術國(中)小,duplicate data,121.0830841,國小、國中,苗栗縣通霄鎮福興里58之2號,25.03546143,校本部校區
﻿泰安鄉,苗栗縣,54707,縣立泰安國(中)小_校本部校區,縣立泰安國(中)小,duplicate data,120.9088211,國小、國中,苗栗縣泰安鄉大興村1鄰32號,24.42206573,校本部校區
﻿大雅區,臺中市,061F01,私立惠明學校_大雅校區,私立惠明學校,duplicate data,120.660759,國小,臺中市大雅區雅潭路四段336號,24.22027397,大雅校區
﻿梧棲區,臺中市,63601,臺中市立善水國(中)小_校本部校區,臺中市立善水國(中)小,duplicate data,120.5235596,國小、國中,臺中市梧棲區梧南路50號,24.24274635,校本部校區
﻿和平區,臺中市,64737,市立梨山國(中)小_校本部校區,市立梨山國(中)小,duplicate data,121.2596821,國小、國中,臺中市和平區梨山里福壽路10號,24.25592654,校本部校區
﻿霧峰區,臺中市,64763,市立光復國(中)小_校本部校區,市立光復國(中)小,duplicate data,120.6899414,國小、國中,臺中市霧峰區柳豐路535號,24.04346085,校本部校區
﻿彰化市,彰化縣,74774,縣立信義國(中)小_校本部校區,縣立信義國(中)小,duplicate data,121.3055038,國小、國中,彰化縣彰化市向陽里向陽街168號,24.98913002,校本部校區
﻿埔里鎮,南投縣,81602,私立均頭國(中)小_校本部校區,私立均頭國(中)小,duplicate data,120.9728699,國小、國中,南投縣埔里鎮水頭里4鄰水頭路48號,23.95028687,校本部校區
﻿阿里山鄉,嘉義縣,104731,嘉義縣豐山實驗教育學校_校本部校區,嘉義縣豐山實驗教育學校,duplicate data,120.7500839,國小,嘉義縣阿里山鄉豐山村47號,23.57605934,校本部校區
﻿阿里山鄉,嘉義縣,104734,縣立阿里山國(中)小_校本部校區,縣立阿里山國(中)小,duplicate data,120.7996902,國小、國中,嘉義縣阿里山鄉樂野村一鄰31號,23.44973755,校本部校區
﻿臺東市,臺東縣,141601,私立均一國(中)小_校本部校區,私立均一國(中)小,duplicate data,121.1263657,國小、國中,臺東縣臺東市中興路2段366巷36號,22.76977539,校本部校區
﻿東區,新竹市,181602,私立矽谷國(中)小_校本部校區,私立矽谷國(中)小,duplicate data,120.965889,國小、國中,新竹市東區藝術路2號,24.7683506,校本部校區
﻿東區,新竹市,181603,私立新竹市康橋國(中)小_校本部校區,私立新竹市康橋國(中)小,duplicate data,120.9658857,國小、國中,新竹市東區藝術路2號,24.76835019,校本部校區
﻿北屯區,臺中市,191315,私立磊川華德福實驗教育學校_校本部校區,私立磊川華德福實驗教育學校,duplicate data,120.713014,國小,臺中市北屯區松竹五路233號及366號,24.18033148,校本部校區
﻿西屯區,臺中市,191606,私立麗?國(中)小_校本部校區,私立麗?國(中)小,duplicate data,120.6144034,國小、國中,臺中市西屯區國安二路242巷199號,24.1946626,校本部校區
﻿大安區,臺北市,331602,私立立人國(中)小_校本部校區,私立立人國(中)小,duplicate data,120.8666077,國小、國中,臺北市大安區義榮里安和路二段99號,24.39793396,校本部校區
﻿楠梓區,高雄市,543608,市立翠屏國(中)小_高雄市立翠屏國民中小學,市立翠屏國(中)小,duplicate data,120.2995377,國小、國中,高雄市楠梓區翠屏路135號,22.72824669,高雄市立翠屏國民中小學
﻿金寧鄉,金門縣,714602,縣立金寧國(中)小_校本部校區,縣立金寧國(中)小,duplicate data,118.327507,國小、國中,金門縣金寧鄉安岐1號,24.45716286,校本部校區
﻿南竿鄉,連江縣,724601,縣立介壽國(中)小_校本部校區,縣立介壽國(中)小,duplicate data,120.6659775,國小、國中,連江縣南竿鄉介壽村13號,24.16649628,校本部校區
﻿南竿鄉,連江縣,724602,縣立中正國(中)小_校本部校區,縣立中正國(中)小,duplicate data,119.9201279,國小、國中,連江縣南竿鄉馬祖村4號,26.15928078,校本部校區
﻿莒光鄉,連江縣,724606,縣立敬恆國(中)小_校本部校區,縣立敬恆國(中)小,duplicate data,119.9347076,國小、國中,連江縣莒光鄉青帆村19號,25.97024918,校本部校區
﻿東引鄉,連江縣,724608,縣立東引國(中)小_校本部校區,縣立東引國(中)小,duplicate data,120.4885101,國小、國中,連江縣東引鄉中柳村94號,26.36790085,校本部校區
